,stop_id,difference,actual_time,departure_time,stop_code,stop_name,stop_lat,stop_lon
0,902145,-300,2018-04-01 13:35:00,2020-04-02 13:40:00,902145,LINDBERGH CENTER STATION - NORTH LOOP/MOROSGO DR,33.823071999999996,-84.36995
1,902145,-480,2018-04-01 17:12:00,2020-04-02 17:20:00,902145,LINDBERGH CENTER STATION - NORTH LOOP/MOROSGO DR,33.823071999999996,-84.36995
2,902145,-420,2018-04-01 19:13:00,2020-04-02 19:20:00,902145,LINDBERGH CENTER STATION - NORTH LOOP/MOROSGO DR,33.823071999999996,-84.36995
3,902145,-300,2018-04-01 21:15:00,2020-04-02 21:20:00,902145,LINDBERGH CENTER STATION - NORTH LOOP/MOROSGO DR,33.823071999999996,-84.36995
4,902145,-300,2018-04-01 22:55:00,2020-04-02 23:00:00,902145,LINDBERGH CENTER STATION - NORTH LOOP/MOROSGO DR,33.823071999999996,-84.36995
5,902145,60,2018-04-02 00:56:00,2020-04-02 00:55:00,902145,LINDBERGH CENTER STATION - NORTH LOOP/MOROSGO DR,33.823071999999996,-84.36995
6,902145,120,2018-04-01 06:17:00,2020-04-02 06:15:00,902145,LINDBERGH CENTER STATION - NORTH LOOP/MOROSGO DR,33.823071999999996,-84.36995
7,902145,180,2018-04-01 14:18:00,2020-04-02 14:15:00,902145,LINDBERGH CENTER STATION - NORTH LOOP/MOROSGO DR,33.823071999999996,-84.36995
8,902145,-480,2018-04-01 06:12:00,2020-04-02 06:20:00,902145,LINDBERGH CENTER STATION - NORTH LOOP/MOROSGO DR,33.823071999999996,-84.36995
9,902145,120,2018-04-01 08:37:00,2020-04-02 08:35:00,902145,LINDBERGH CENTER STATION - NORTH LOOP/MOROSGO DR,33.823071999999996,-84.36995
10,902145,0,2018-04-01 10:35:00,2020-04-02 10:35:00,902145,LINDBERGH CENTER STATION - NORTH LOOP/MOROSGO DR,33.823071999999996,-84.36995
11,902145,0,2018-04-01 12:35:00,2020-04-02 12:35:00,902145,LINDBERGH CENTER STATION - NORTH LOOP/MOROSGO DR,33.823071999999996,-84.36995
12,902145,-360,2018-04-01 14:29:00,2020-04-02 14:35:00,902145,LINDBERGH CENTER STATION - NORTH LOOP/MOROSGO DR,33.823071999999996,-84.36995
13,902145,60,2018-04-01 16:36:00,2020-04-02 16:35:00,902145,LINDBERGH CENTER STATION - NORTH LOOP/MOROSGO DR,33.823071999999996,-84.36995
14,902145,-300,2018-04-01 18:15:00,2020-04-02 18:20:00,902145,LINDBERGH CENTER STATION - NORTH LOOP/MOROSGO DR,33.823071999999996,-84.36995
15,902145,-420,2018-04-01 20:13:00,2020-04-02 20:20:00,902145,LINDBERGH CENTER STATION - NORTH LOOP/MOROSGO DR,33.823071999999996,-84.36995
16,902145,-540,2018-04-01 07:31:00,2020-04-02 07:40:00,902145,LINDBERGH CENTER STATION - NORTH LOOP/MOROSGO DR,33.823071999999996,-84.36995
17,902145,-420,2018-04-01 11:33:00,2020-04-02 11:40:00,902145,LINDBERGH CENTER STATION - NORTH LOOP/MOROSGO DR,33.823071999999996,-84.36995
18,902145,-420,2018-04-01 13:33:00,2020-04-02 13:40:00,902145,LINDBERGH CENTER STATION - NORTH LOOP/MOROSGO DR,33.823071999999996,-84.36995
19,902145,60,2018-04-01 17:56:00,2020-04-02 17:55:00,902145,LINDBERGH CENTER STATION - NORTH LOOP/MOROSGO DR,33.823071999999996,-84.36995
20,902145,60,2018-04-01 19:56:00,2020-04-02 19:55:00,902145,LINDBERGH CENTER STATION - NORTH LOOP/MOROSGO DR,33.823071999999996,-84.36995
21,902145,60,2018-04-01 21:56:00,2020-04-02 21:55:00,902145,LINDBERGH CENTER STATION - NORTH LOOP/MOROSGO DR,33.823071999999996,-84.36995
22,902145,60,2018-04-01 23:36:00,2020-04-02 23:35:00,902145,LINDBERGH CENTER STATION - NORTH LOOP/MOROSGO DR,33.823071999999996,-84.36995
23,902145,0,2018-04-02 01:15:00,2020-04-02 01:15:00,902145,LINDBERGH CENTER STATION - NORTH LOOP/MOROSGO DR,33.823071999999996,-84.36995
24,902145,0,2018-04-01 07:15:00,2020-04-02 07:15:00,902145,LINDBERGH CENTER STATION - NORTH LOOP/MOROSGO DR,33.823071999999996,-84.36995
25,902145,60,2018-04-01 09:16:00,2020-04-02 09:15:00,902145,LINDBERGH CENTER STATION - NORTH LOOP/MOROSGO DR,33.823071999999996,-84.36995
26,902145,0,2018-04-01 11:15:00,2020-04-02 11:15:00,902145,LINDBERGH CENTER STATION - NORTH LOOP/MOROSGO DR,33.823071999999996,-84.36995
27,902145,-180,2018-04-01 12:57:00,2020-04-02 13:00:00,902145,LINDBERGH CENTER STATION - NORTH LOOP/MOROSGO DR,33.823071999999996,-84.36995
28,902145,-120,2018-04-01 14:58:00,2020-04-02 15:00:00,902145,LINDBERGH CENTER STATION - NORTH LOOP/MOROSGO DR,33.823071999999996,-84.36995
29,902145,360,2018-04-01 17:21:00,2020-04-02 17:15:00,902145,LINDBERGH CENTER STATION - NORTH LOOP/MOROSGO DR,33.823071999999996,-84.36995
30,902145,120,2018-04-01 19:17:00,2020-04-02 19:15:00,902145,LINDBERGH CENTER STATION - NORTH LOOP/MOROSGO DR,33.823071999999996,-84.36995
31,902145,480,2018-04-01 21:23:00,2020-04-02 21:15:00,902145,LINDBERGH CENTER STATION - NORTH LOOP/MOROSGO DR,33.823071999999996,-84.36995
32,902145,480,2018-04-01 23:03:00,2020-04-02 22:55:00,902145,LINDBERGH CENTER STATION - NORTH LOOP/MOROSGO DR,33.823071999999996,-84.36995
33,902145,420,2018-04-02 00:42:00,2020-04-02 00:35:00,902145,LINDBERGH CENTER STATION - NORTH LOOP/MOROSGO DR,33.823071999999996,-84.36995
34,902145,-540,2018-04-01 06:31:00,2020-04-02 06:40:00,902145,LINDBERGH CENTER STATION - NORTH LOOP/MOROSGO DR,33.823071999999996,-84.36995
35,902145,-480,2018-04-01 08:32:00,2020-04-02 08:40:00,902145,LINDBERGH CENTER STATION - NORTH LOOP/MOROSGO DR,33.823071999999996,-84.36995
36,902145,360,2018-04-01 11:01:00,2020-04-02 10:55:00,902145,LINDBERGH CENTER STATION - NORTH LOOP/MOROSGO DR,33.823071999999996,-84.36995
37,902145,-540,2018-04-01 12:31:00,2020-04-02 12:40:00,902145,LINDBERGH CENTER STATION - NORTH LOOP/MOROSGO DR,33.823071999999996,-84.36995
38,902145,-480,2018-04-01 14:32:00,2020-04-02 14:40:00,902145,LINDBERGH CENTER STATION - NORTH LOOP/MOROSGO DR,33.823071999999996,-84.36995
39,901704,-30,2018-04-01 13:45:00,2020-04-02 13:45:30,901704,PIEDMONT RD NE @ MARTINA DR NE,33.841803999999996,-84.37039
40,901704,-210,2018-04-01 17:42:00,2020-04-02 17:45:30,901704,PIEDMONT RD NE @ MARTINA DR NE,33.841803999999996,-84.37039
41,901704,-30,2018-04-01 06:25:00,2020-04-02 06:25:30,901704,PIEDMONT RD NE @ MARTINA DR NE,33.841803999999996,-84.37039
42,901704,-30,2018-04-01 14:25:00,2020-04-02 14:25:30,901704,PIEDMONT RD NE @ MARTINA DR NE,33.841803999999996,-84.37039
43,901704,-270,2018-04-01 10:41:00,2020-04-02 10:45:30,901704,PIEDMONT RD NE @ MARTINA DR NE,33.841803999999996,-84.37039
44,901704,-30,2018-04-01 08:05:00,2020-04-02 08:05:30,901704,PIEDMONT RD NE @ MARTINA DR NE,33.841803999999996,-84.37039
45,901704,-30,2018-04-01 12:05:00,2020-04-02 12:05:30,901704,PIEDMONT RD NE @ MARTINA DR NE,33.841803999999996,-84.37039
46,901704,30,2018-04-01 20:06:00,2020-04-02 20:05:30,901704,PIEDMONT RD NE @ MARTINA DR NE,33.841803999999996,-84.37039
47,901704,-30,2018-04-01 09:25:00,2020-04-02 09:25:30,901704,PIEDMONT RD NE @ MARTINA DR NE,33.841803999999996,-84.37039
48,905429,60,2018-04-01 13:48:00,2020-04-02 13:47:00,905429,PIEDMONT RD NE @ PEACHTREE RD NE,33.844583,-84.371608
49,905429,60,2018-04-01 15:48:00,2020-04-02 15:47:00,905429,PIEDMONT RD NE @ PEACHTREE RD NE,33.844583,-84.371608
50,905429,0,2018-04-01 19:47:00,2020-04-02 19:47:00,905429,PIEDMONT RD NE @ PEACHTREE RD NE,33.844583,-84.371608
51,905429,120,2018-04-01 21:47:00,2020-04-02 21:45:00,905429,PIEDMONT RD NE @ PEACHTREE RD NE,33.844583,-84.371608
52,905429,60,2018-04-01 08:28:00,2020-04-02 08:27:00,905429,PIEDMONT RD NE @ PEACHTREE RD NE,33.844583,-84.371608
53,905429,60,2018-04-01 14:28:00,2020-04-02 14:27:00,905429,PIEDMONT RD NE @ PEACHTREE RD NE,33.844583,-84.371608
54,905429,-360,2018-04-01 06:41:00,2020-04-02 06:47:00,905429,PIEDMONT RD NE @ PEACHTREE RD NE,33.844583,-84.371608
55,905429,-300,2018-04-01 08:42:00,2020-04-02 08:47:00,905429,PIEDMONT RD NE @ PEACHTREE RD NE,33.844583,-84.371608
56,905429,0,2018-04-01 14:47:00,2020-04-02 14:47:00,905429,PIEDMONT RD NE @ PEACHTREE RD NE,33.844583,-84.371608
57,905429,0,2018-04-01 18:47:00,2020-04-02 18:47:00,905429,PIEDMONT RD NE @ PEACHTREE RD NE,33.844583,-84.371608
58,905429,-60,2018-04-01 08:06:00,2020-04-02 08:07:00,905429,PIEDMONT RD NE @ PEACHTREE RD NE,33.844583,-84.371608
59,905429,0,2018-04-01 10:07:00,2020-04-02 10:07:00,905429,PIEDMONT RD NE @ PEACHTREE RD NE,33.844583,-84.371608
60,905429,0,2018-04-01 14:07:00,2020-04-02 14:07:00,905429,PIEDMONT RD NE @ PEACHTREE RD NE,33.844583,-84.371608
61,905429,0,2018-04-01 18:07:00,2020-04-02 18:07:00,905429,PIEDMONT RD NE @ PEACHTREE RD NE,33.844583,-84.371608
62,905429,120,2018-04-01 20:09:00,2020-04-02 20:07:00,905429,PIEDMONT RD NE @ PEACHTREE RD NE,33.844583,-84.371608
63,905429,60,2018-04-01 22:06:00,2020-04-02 22:05:00,905429,PIEDMONT RD NE @ PEACHTREE RD NE,33.844583,-84.371608
64,905429,0,2018-04-01 07:27:00,2020-04-02 07:27:00,905429,PIEDMONT RD NE @ PEACHTREE RD NE,33.844583,-84.371608
65,905429,0,2018-04-01 09:27:00,2020-04-02 09:27:00,905429,PIEDMONT RD NE @ PEACHTREE RD NE,33.844583,-84.371608
66,905429,0,2018-04-01 11:27:00,2020-04-02 11:27:00,905429,PIEDMONT RD NE @ PEACHTREE RD NE,33.844583,-84.371608
67,905429,120,2018-04-01 15:29:00,2020-04-02 15:27:00,905429,PIEDMONT RD NE @ PEACHTREE RD NE,33.844583,-84.371608
68,905429,0,2018-04-01 17:27:00,2020-04-02 17:27:00,905429,PIEDMONT RD NE @ PEACHTREE RD NE,33.844583,-84.371608
69,905429,120,2018-04-01 19:29:00,2020-04-02 19:27:00,905429,PIEDMONT RD NE @ PEACHTREE RD NE,33.844583,-84.371608
70,905429,240,2018-04-01 23:09:00,2020-04-02 23:05:00,905429,PIEDMONT RD NE @ PEACHTREE RD NE,33.844583,-84.371608
71,905429,0,2018-04-01 09:07:00,2020-04-02 09:07:00,905429,PIEDMONT RD NE @ PEACHTREE RD NE,33.844583,-84.371608
72,905429,0,2018-04-01 13:07:00,2020-04-02 13:07:00,905429,PIEDMONT RD NE @ PEACHTREE RD NE,33.844583,-84.371608
73,905408,189,2018-04-01 13:49:00,2020-04-02 13:45:51,905408,PIEDMONT RD NE @ 3500,33.849614,-84.377089
74,906309,-82,2018-04-01 14:07:00,2020-04-02 14:08:22,906309,ROSWELL RD NE @ SANDY SPRINGS PL NE,33.92001,-84.37894399999999
75,906309,98,2018-04-01 16:10:00,2020-04-02 16:08:22,906309,ROSWELL RD NE @ SANDY SPRINGS PL NE,33.92001,-84.37894399999999
76,906309,398,2018-04-01 12:55:00,2020-04-02 12:48:22,906309,ROSWELL RD NE @ SANDY SPRINGS PL NE,33.92001,-84.37894399999999
77,906309,158,2018-04-01 14:51:00,2020-04-02 14:48:22,906309,ROSWELL RD NE @ SANDY SPRINGS PL NE,33.92001,-84.37894399999999
78,906309,-22,2018-04-01 09:08:00,2020-04-02 09:08:22,906309,ROSWELL RD NE @ SANDY SPRINGS PL NE,33.92001,-84.37894399999999
79,906309,-22,2018-04-01 13:08:00,2020-04-02 13:08:22,906309,ROSWELL RD NE @ SANDY SPRINGS PL NE,33.92001,-84.37894399999999
80,906309,98,2018-04-01 15:10:00,2020-04-02 15:08:22,906309,ROSWELL RD NE @ SANDY SPRINGS PL NE,33.92001,-84.37894399999999
81,906309,38,2018-04-01 08:29:00,2020-04-02 08:28:22,906309,ROSWELL RD NE @ SANDY SPRINGS PL NE,33.92001,-84.37894399999999
82,906309,-22,2018-04-01 10:28:00,2020-04-02 10:28:22,906309,ROSWELL RD NE @ SANDY SPRINGS PL NE,33.92001,-84.37894399999999
83,906309,98,2018-04-01 12:30:00,2020-04-02 12:28:22,906309,ROSWELL RD NE @ SANDY SPRINGS PL NE,33.92001,-84.37894399999999
84,906309,38,2018-04-01 14:29:00,2020-04-02 14:28:22,906309,ROSWELL RD NE @ SANDY SPRINGS PL NE,33.92001,-84.37894399999999
85,906309,98,2018-04-01 16:30:00,2020-04-02 16:28:22,906309,ROSWELL RD NE @ SANDY SPRINGS PL NE,33.92001,-84.37894399999999
86,906309,158,2018-04-01 18:31:00,2020-04-02 18:28:22,906309,ROSWELL RD NE @ SANDY SPRINGS PL NE,33.92001,-84.37894399999999
87,906309,340,2018-04-01 22:30:00,2020-04-02 22:24:20,906309,ROSWELL RD NE @ SANDY SPRINGS PL NE,33.92001,-84.37894399999999
88,906309,38,2018-04-01 07:49:00,2020-04-02 07:48:22,906309,ROSWELL RD NE @ SANDY SPRINGS PL NE,33.92001,-84.37894399999999
89,906309,98,2018-04-01 11:50:00,2020-04-02 11:48:22,906309,ROSWELL RD NE @ SANDY SPRINGS PL NE,33.92001,-84.37894399999999
90,906309,40,2018-04-01 23:25:00,2020-04-02 23:24:20,906309,ROSWELL RD NE @ SANDY SPRINGS PL NE,33.92001,-84.37894399999999
91,906309,-22,2018-04-01 07:28:00,2020-04-02 07:28:22,906309,ROSWELL RD NE @ SANDY SPRINGS PL NE,33.92001,-84.37894399999999
92,906309,-82,2018-04-01 09:27:00,2020-04-02 09:28:22,906309,ROSWELL RD NE @ SANDY SPRINGS PL NE,33.92001,-84.37894399999999
93,906309,698,2018-04-01 15:40:00,2020-04-02 15:28:22,906309,ROSWELL RD NE @ SANDY SPRINGS PL NE,33.92001,-84.37894399999999
94,906362,-68,2018-04-01 14:09:00,2020-04-02 14:10:08,906362,MT VERNON HWY@BOYLSTON DR,33.924369,-84.377367
95,906362,112,2018-04-01 16:12:00,2020-04-02 16:10:08,906362,MT VERNON HWY@BOYLSTON DR,33.924369,-84.377367
96,906362,352,2018-04-01 12:56:00,2020-04-02 12:50:08,906362,MT VERNON HWY@BOYLSTON DR,33.924369,-84.377367
97,906362,112,2018-04-01 14:52:00,2020-04-02 14:50:08,906362,MT VERNON HWY@BOYLSTON DR,33.924369,-84.377367
98,906362,52,2018-04-01 15:11:00,2020-04-02 15:10:08,906362,MT VERNON HWY@BOYLSTON DR,33.924369,-84.377367
99,906362,112,2018-04-01 17:12:00,2020-04-02 17:10:08,906362,MT VERNON HWY@BOYLSTON DR,33.924369,-84.377367
100,906362,-8,2018-04-01 10:30:00,2020-04-02 10:30:08,906362,MT VERNON HWY@BOYLSTON DR,33.924369,-84.377367
101,906362,112,2018-04-01 12:32:00,2020-04-02 12:30:08,906362,MT VERNON HWY@BOYLSTON DR,33.924369,-84.377367
102,906362,172,2018-04-01 14:33:00,2020-04-02 14:30:08,906362,MT VERNON HWY@BOYLSTON DR,33.924369,-84.377367
103,906362,112,2018-04-01 16:32:00,2020-04-02 16:30:08,906362,MT VERNON HWY@BOYLSTON DR,33.924369,-84.377367
104,906362,52,2018-04-01 20:31:00,2020-04-02 20:30:08,906362,MT VERNON HWY@BOYLSTON DR,33.924369,-84.377367
105,906362,52,2018-04-01 09:51:00,2020-04-02 09:50:08,906362,MT VERNON HWY@BOYLSTON DR,33.924369,-84.377367
106,906362,112,2018-04-01 11:52:00,2020-04-02 11:50:08,906362,MT VERNON HWY@BOYLSTON DR,33.924369,-84.377367
107,906362,712,2018-04-01 15:42:00,2020-04-02 15:30:08,906362,MT VERNON HWY@BOYLSTON DR,33.924369,-84.377367
108,902999,-151,2018-04-01 14:15:00,2020-04-02 14:17:31,902999,HAMMOND DR NE @ 1150,33.918901,-84.349888
109,902999,329,2018-04-01 13:03:00,2020-04-02 12:57:31,902999,HAMMOND DR NE @ 1150,33.918901,-84.349888
110,902999,1289,2018-04-01 13:19:00,2020-04-02 12:57:31,902999,HAMMOND DR NE @ 1150,33.918901,-84.349888
111,902999,-151,2018-04-01 07:15:00,2020-04-02 07:17:31,902999,HAMMOND DR NE @ 1150,33.918901,-84.349888
112,902999,-31,2018-04-01 11:37:00,2020-04-02 11:37:31,902999,HAMMOND DR NE @ 1150,33.918901,-84.349888
113,903009,1260,2018-04-01 14:36:00,2020-04-02 14:15:00,903009,DUNWOODY STATION,33.920969,-84.344734
114,903009,120,2018-04-01 18:37:00,2020-04-02 18:35:00,903009,DUNWOODY STATION,33.920969,-84.344734
115,903009,-360,2018-04-01 20:14:00,2020-04-02 20:20:00,903009,DUNWOODY STATION,33.920969,-84.344734
116,903009,120,2018-04-01 22:22:00,2020-04-02 22:20:00,903009,DUNWOODY STATION,33.920969,-84.344734
117,903009,0,2018-04-02 00:00:00,2020-04-02 00:00:00,903009,DUNWOODY STATION,33.920969,-84.344734
118,903009,1260,2018-04-01 13:16:00,2020-04-02 12:55:00,903009,DUNWOODY STATION,33.920969,-84.344734
119,903009,0,2018-04-01 15:15:00,2020-04-02 15:15:00,903009,DUNWOODY STATION,33.920969,-84.344734
120,903009,1200,2018-04-01 07:35:00,2020-04-02 07:15:00,903009,DUNWOODY STATION,33.920969,-84.344734
121,903009,0,2018-04-01 09:35:00,2020-04-02 09:35:00,903009,DUNWOODY STATION,33.920969,-84.344734
122,903009,-120,2018-04-01 13:18:00,2020-04-02 13:20:00,903009,DUNWOODY STATION,33.920969,-84.344734
123,903009,60,2018-04-01 15:36:00,2020-04-02 15:35:00,903009,DUNWOODY STATION,33.920969,-84.344734
124,903009,60,2018-04-01 17:36:00,2020-04-02 17:35:00,903009,DUNWOODY STATION,33.920969,-84.344734
125,903009,0,2018-04-01 19:35:00,2020-04-02 19:35:00,903009,DUNWOODY STATION,33.920969,-84.344734
126,903009,-60,2018-04-01 21:18:00,2020-04-02 21:19:00,903009,DUNWOODY STATION,33.920969,-84.344734
127,903009,180,2018-04-01 06:58:00,2020-04-02 06:55:00,903009,DUNWOODY STATION,33.920969,-84.344734
128,903009,-240,2018-04-01 08:36:00,2020-04-02 08:40:00,903009,DUNWOODY STATION,33.920969,-84.344734
129,903009,60,2018-04-01 10:56:00,2020-04-02 10:55:00,903009,DUNWOODY STATION,33.920969,-84.344734
130,903009,60,2018-04-01 12:56:00,2020-04-02 12:55:00,903009,DUNWOODY STATION,33.920969,-84.344734
131,903009,0,2018-04-01 14:55:00,2020-04-02 14:55:00,903009,DUNWOODY STATION,33.920969,-84.344734
132,903009,60,2018-04-01 18:56:00,2020-04-02 18:55:00,903009,DUNWOODY STATION,33.920969,-84.344734
133,903009,60,2018-04-01 21:01:00,2020-04-02 21:00:00,903009,DUNWOODY STATION,33.920969,-84.344734
134,903009,60,2018-04-01 22:41:00,2020-04-02 22:40:00,903009,DUNWOODY STATION,33.920969,-84.344734
135,903009,240,2018-04-02 00:24:00,2020-04-02 00:20:00,903009,DUNWOODY STATION,33.920969,-84.344734
136,903009,120,2018-04-01 06:17:00,2020-04-02 06:15:00,903009,DUNWOODY STATION,33.920969,-84.344734
137,903009,180,2018-04-01 10:18:00,2020-04-02 10:15:00,903009,DUNWOODY STATION,33.920969,-84.344734
138,903009,60,2018-04-01 12:16:00,2020-04-02 12:15:00,903009,DUNWOODY STATION,33.920969,-84.344734
139,903009,-120,2018-04-01 13:58:00,2020-04-02 14:00:00,903009,DUNWOODY STATION,33.920969,-84.344734
140,903009,420,2018-04-01 16:22:00,2020-04-02 16:15:00,903009,DUNWOODY STATION,33.920969,-84.344734
141,903009,-240,2018-04-01 19:56:00,2020-04-02 20:00:00,903009,DUNWOODY STATION,33.920969,-84.344734
142,903009,420,2018-04-01 22:07:00,2020-04-02 22:00:00,903009,DUNWOODY STATION,33.920969,-84.344734
143,903009,180,2018-04-01 23:43:00,2020-04-02 23:40:00,903009,DUNWOODY STATION,33.920969,-84.344734
144,903009,-300,2018-04-01 07:35:00,2020-04-02 07:40:00,903009,DUNWOODY STATION,33.920969,-84.344734
145,903009,60,2018-04-01 13:56:00,2020-04-02 13:55:00,903009,DUNWOODY STATION,33.920969,-84.344734
146,902700,1276,2018-04-01 14:47:00,2020-04-02 14:25:44,902700,ROSWELL RD NE @ HILDERBRAND DR,33.922703000000006,-84.37921800000001
147,902700,16,2018-04-01 16:46:00,2020-04-02 16:45:44,902700,ROSWELL RD NE @ HILDERBRAND DR,33.922703000000006,-84.37921800000001
148,902700,76,2018-04-01 15:27:00,2020-04-02 15:25:44,902700,ROSWELL RD NE @ HILDERBRAND DR,33.922703000000006,-84.37921800000001
149,902700,1096,2018-04-01 07:44:00,2020-04-02 07:25:44,902700,ROSWELL RD NE @ HILDERBRAND DR,33.922703000000006,-84.37921800000001
150,902700,-164,2018-04-01 09:43:00,2020-04-02 09:45:44,902700,ROSWELL RD NE @ HILDERBRAND DR,33.922703000000006,-84.37921800000001
151,902700,16,2018-04-01 11:46:00,2020-04-02 11:45:44,902700,ROSWELL RD NE @ HILDERBRAND DR,33.922703000000006,-84.37921800000001
152,902700,76,2018-04-01 13:47:00,2020-04-02 13:45:44,902700,ROSWELL RD NE @ HILDERBRAND DR,33.922703000000006,-84.37921800000001
153,902700,136,2018-04-01 07:08:00,2020-04-02 07:05:44,902700,ROSWELL RD NE @ HILDERBRAND DR,33.922703000000006,-84.37921800000001
154,902700,-44,2018-04-01 13:05:00,2020-04-02 13:05:44,902700,ROSWELL RD NE @ HILDERBRAND DR,33.922703000000006,-84.37921800000001
155,902700,-44,2018-04-01 15:05:00,2020-04-02 15:05:44,902700,ROSWELL RD NE @ HILDERBRAND DR,33.922703000000006,-84.37921800000001
156,902700,-44,2018-04-01 19:05:00,2020-04-02 19:05:44,902700,ROSWELL RD NE @ HILDERBRAND DR,33.922703000000006,-84.37921800000001
157,902700,16,2018-04-01 06:26:00,2020-04-02 06:25:44,902700,ROSWELL RD NE @ HILDERBRAND DR,33.922703000000006,-84.37921800000001
158,902700,76,2018-04-01 10:27:00,2020-04-02 10:25:44,902700,ROSWELL RD NE @ HILDERBRAND DR,33.922703000000006,-84.37921800000001
159,902700,136,2018-04-01 12:28:00,2020-04-02 12:25:44,902700,ROSWELL RD NE @ HILDERBRAND DR,33.922703000000006,-84.37921800000001
160,902700,-44,2018-04-01 14:25:00,2020-04-02 14:25:44,902700,ROSWELL RD NE @ HILDERBRAND DR,33.922703000000006,-84.37921800000001
161,902700,196,2018-04-01 20:31:00,2020-04-02 20:27:44,902700,ROSWELL RD NE @ HILDERBRAND DR,33.922703000000006,-84.37921800000001
162,902700,256,2018-04-01 06:10:00,2020-04-02 06:05:44,902700,ROSWELL RD NE @ HILDERBRAND DR,33.922703000000006,-84.37921800000001
163,906361,1222,2018-04-01 14:48:00,2020-04-02 14:27:38,906361,ROSWELL RD NE @ CLIFTWOOD DR NE,33.916242,-84.37923599999999
164,906361,142,2018-04-01 18:50:00,2020-04-02 18:47:38,906361,ROSWELL RD NE @ CLIFTWOOD DR NE,33.916242,-84.37923599999999
165,906361,82,2018-04-01 15:29:00,2020-04-02 15:27:38,906361,ROSWELL RD NE @ CLIFTWOOD DR NE,33.916242,-84.37923599999999
166,906361,22,2018-04-01 15:48:00,2020-04-02 15:47:38,906361,ROSWELL RD NE @ CLIFTWOOD DR NE,33.916242,-84.37923599999999
167,906361,82,2018-04-01 17:49:00,2020-04-02 17:47:38,906361,ROSWELL RD NE @ CLIFTWOOD DR NE,33.916242,-84.37923599999999
168,906361,202,2018-04-01 12:31:00,2020-04-02 12:27:38,906361,ROSWELL RD NE @ CLIFTWOOD DR NE,33.916242,-84.37923599999999
169,906361,566,2018-04-01 22:21:00,2020-04-02 22:11:34,906361,ROSWELL RD NE @ CLIFTWOOD DR NE,33.916242,-84.37923599999999
170,902699,1289,2018-04-01 14:51:00,2020-04-02 14:29:31,902699,ROSWELL RD NE @ LAKE PLACID DR NE,33.909002,-84.378784
171,902699,29,2018-04-01 16:50:00,2020-04-02 16:49:31,902699,ROSWELL RD NE @ LAKE PLACID DR NE,33.909002,-84.378784
172,902699,104,2018-04-01 22:35:00,2020-04-02 22:33:16,902699,ROSWELL RD NE @ LAKE PLACID DR NE,33.909002,-84.378784
173,902699,-331,2018-04-01 05:44:00,2020-04-02 05:49:31,902699,ROSWELL RD NE @ LAKE PLACID DR NE,33.909002,-84.378784
174,902699,1589,2018-04-01 13:36:00,2020-04-02 13:09:31,902699,ROSWELL RD NE @ LAKE PLACID DR NE,33.909002,-84.378784
175,902699,149,2018-04-01 15:32:00,2020-04-02 15:29:31,902699,ROSWELL RD NE @ LAKE PLACID DR NE,33.909002,-84.378784
176,902699,-31,2018-04-01 05:49:00,2020-04-02 05:49:31,902699,ROSWELL RD NE @ LAKE PLACID DR NE,33.909002,-84.378784
177,902699,1169,2018-04-01 07:49:00,2020-04-02 07:29:31,902699,ROSWELL RD NE @ LAKE PLACID DR NE,33.909002,-84.378784
178,902699,29,2018-04-01 11:50:00,2020-04-02 11:49:31,902699,ROSWELL RD NE @ LAKE PLACID DR NE,33.909002,-84.378784
179,902699,269,2018-04-01 13:54:00,2020-04-02 13:49:31,902699,ROSWELL RD NE @ LAKE PLACID DR NE,33.909002,-84.378784
180,902699,89,2018-04-01 15:51:00,2020-04-02 15:49:31,902699,ROSWELL RD NE @ LAKE PLACID DR NE,33.909002,-84.378784
181,902699,89,2018-04-01 17:51:00,2020-04-02 17:49:31,902699,ROSWELL RD NE @ LAKE PLACID DR NE,33.909002,-84.378784
182,902699,149,2018-04-01 19:52:00,2020-04-02 19:49:31,902699,ROSWELL RD NE @ LAKE PLACID DR NE,33.909002,-84.378784
183,902699,149,2018-04-01 07:12:00,2020-04-02 07:09:31,902699,ROSWELL RD NE @ LAKE PLACID DR NE,33.909002,-84.378784
184,902699,-31,2018-04-01 11:09:00,2020-04-02 11:09:31,902699,ROSWELL RD NE @ LAKE PLACID DR NE,33.909002,-84.378784
185,902699,-31,2018-04-01 13:09:00,2020-04-02 13:09:31,902699,ROSWELL RD NE @ LAKE PLACID DR NE,33.909002,-84.378784
186,902699,-31,2018-04-01 15:09:00,2020-04-02 15:09:31,902699,ROSWELL RD NE @ LAKE PLACID DR NE,33.909002,-84.378784
187,902699,-31,2018-04-01 19:09:00,2020-04-02 19:09:31,902699,ROSWELL RD NE @ LAKE PLACID DR NE,33.909002,-84.378784
188,902699,104,2018-04-01 22:55:00,2020-04-02 22:53:16,902699,ROSWELL RD NE @ LAKE PLACID DR NE,33.909002,-84.378784
189,902699,-31,2018-04-01 06:29:00,2020-04-02 06:29:31,902699,ROSWELL RD NE @ LAKE PLACID DR NE,33.909002,-84.378784
190,902699,89,2018-04-01 10:31:00,2020-04-02 10:29:31,902699,ROSWELL RD NE @ LAKE PLACID DR NE,33.909002,-84.378784
191,902699,209,2018-04-01 12:33:00,2020-04-02 12:29:31,902699,ROSWELL RD NE @ LAKE PLACID DR NE,33.909002,-84.378784
192,902699,89,2018-04-01 14:31:00,2020-04-02 14:29:31,902699,ROSWELL RD NE @ LAKE PLACID DR NE,33.909002,-84.378784
193,902699,329,2018-04-01 16:35:00,2020-04-02 16:29:31,902699,ROSWELL RD NE @ LAKE PLACID DR NE,33.909002,-84.378784
194,902699,644,2018-04-01 22:24:00,2020-04-02 22:13:16,902699,ROSWELL RD NE @ LAKE PLACID DR NE,33.909002,-84.378784
195,902699,44,2018-04-01 23:54:00,2020-04-02 23:53:16,902699,ROSWELL RD NE @ LAKE PLACID DR NE,33.909002,-84.378784
196,902699,209,2018-04-01 06:13:00,2020-04-02 06:09:31,902699,ROSWELL RD NE @ LAKE PLACID DR NE,33.909002,-84.378784
197,902699,89,2018-04-01 08:11:00,2020-04-02 08:09:31,902699,ROSWELL RD NE @ LAKE PLACID DR NE,33.909002,-84.378784
198,902699,-31,2018-04-01 10:09:00,2020-04-02 10:09:31,902699,ROSWELL RD NE @ LAKE PLACID DR NE,33.909002,-84.378784
199,902699,-91,2018-04-01 12:08:00,2020-04-02 12:09:31,902699,ROSWELL RD NE @ LAKE PLACID DR NE,33.909002,-84.378784
200,902698,1262,2018-04-01 14:51:00,2020-04-02 14:29:58,902698,ROSWELL RD NE @ 5531,33.907231,-84.378718
201,902698,122,2018-04-01 15:32:00,2020-04-02 15:29:58,902698,ROSWELL RD NE @ 5531,33.907231,-84.378718
202,902698,2,2018-04-01 13:10:00,2020-04-02 13:09:58,902698,ROSWELL RD NE @ 5531,33.907231,-84.378718
203,902698,2,2018-04-01 19:10:00,2020-04-02 19:09:58,902698,ROSWELL RD NE @ 5531,33.907231,-84.378718
204,902698,242,2018-04-01 12:34:00,2020-04-02 12:29:58,902698,ROSWELL RD NE @ 5531,33.907231,-84.378718
205,902698,122,2018-04-01 14:32:00,2020-04-02 14:29:58,902698,ROSWELL RD NE @ 5531,33.907231,-84.378718
206,902698,362,2018-04-01 16:36:00,2020-04-02 16:29:58,902698,ROSWELL RD NE @ 5531,33.907231,-84.378718
207,902698,619,2018-04-01 22:24:00,2020-04-02 22:13:41,902698,ROSWELL RD NE @ 5531,33.907231,-84.378718
208,902698,-58,2018-04-01 10:09:00,2020-04-02 10:09:58,902698,ROSWELL RD NE @ 5531,33.907231,-84.378718
209,902698,122,2018-04-01 14:12:00,2020-04-02 14:09:58,902698,ROSWELL RD NE @ 5531,33.907231,-84.378718
210,905864,1227,2018-04-01 14:55:00,2020-04-02 14:34:33,905864,ROSWELL RD NE@W BELLE ISLE RD NE,33.890163,-84.381524
211,905864,-51,2018-04-01 20:57:00,2020-04-02 20:57:51,905864,ROSWELL RD NE@W BELLE ISLE RD NE,33.890163,-84.381524
212,905864,1467,2018-04-01 13:39:00,2020-04-02 13:14:33,905864,ROSWELL RD NE@W BELLE ISLE RD NE,33.890163,-84.381524
213,905864,147,2018-04-01 15:37:00,2020-04-02 15:34:33,905864,ROSWELL RD NE@W BELLE ISLE RD NE,33.890163,-84.381524
214,905864,-33,2018-04-01 17:54:00,2020-04-02 17:54:33,905864,ROSWELL RD NE@W BELLE ISLE RD NE,33.890163,-84.381524
215,905864,-153,2018-04-01 11:12:00,2020-04-02 11:14:33,905864,ROSWELL RD NE@W BELLE ISLE RD NE,33.890163,-84.381524
216,905864,-93,2018-04-01 13:13:00,2020-04-02 13:14:33,905864,ROSWELL RD NE@W BELLE ISLE RD NE,33.890163,-84.381524
217,905864,-33,2018-04-01 19:14:00,2020-04-02 19:14:33,905864,ROSWELL RD NE@W BELLE ISLE RD NE,33.890163,-84.381524
218,905864,249,2018-04-01 21:22:00,2020-04-02 21:17:51,905864,ROSWELL RD NE@W BELLE ISLE RD NE,33.890163,-84.381524
219,905864,129,2018-04-01 23:00:00,2020-04-02 22:57:51,905864,ROSWELL RD NE@W BELLE ISLE RD NE,33.890163,-84.381524
220,905864,87,2018-04-01 14:36:00,2020-04-02 14:34:33,905864,ROSWELL RD NE@W BELLE ISLE RD NE,33.890163,-84.381524
221,905864,327,2018-04-01 16:40:00,2020-04-02 16:34:33,905864,ROSWELL RD NE@W BELLE ISLE RD NE,33.890163,-84.381524
222,905864,27,2018-04-01 20:37:00,2020-04-02 20:36:33,905864,ROSWELL RD NE@W BELLE ISLE RD NE,33.890163,-84.381524
223,905864,-33,2018-04-01 08:14:00,2020-04-02 08:14:33,905864,ROSWELL RD NE@W BELLE ISLE RD NE,33.890163,-84.381524
224,905864,-93,2018-04-01 10:13:00,2020-04-02 10:14:33,905864,ROSWELL RD NE@W BELLE ISLE RD NE,33.890163,-84.381524
225,905580,1192,2018-04-01 14:59:00,2020-04-02 14:39:08,905580,ROSWELL RD NE @ MIDVALE DR NE,33.873007,-84.381089
226,905580,-58,2018-04-01 21:01:00,2020-04-02 21:01:58,905580,ROSWELL RD NE @ MIDVALE DR NE,33.873007,-84.381089
227,905580,-488,2018-04-01 05:51:00,2020-04-02 05:59:08,905580,ROSWELL RD NE @ MIDVALE DR NE,33.873007,-84.381089
228,905580,-8,2018-04-01 11:59:00,2020-04-02 11:59:08,905580,ROSWELL RD NE @ MIDVALE DR NE,33.873007,-84.381089
229,905580,-68,2018-04-01 15:58:00,2020-04-02 15:59:08,905580,ROSWELL RD NE @ MIDVALE DR NE,33.873007,-84.381089
230,905580,-68,2018-04-01 13:18:00,2020-04-02 13:19:08,905580,ROSWELL RD NE @ MIDVALE DR NE,33.873007,-84.381089
231,905580,-128,2018-04-01 19:17:00,2020-04-02 19:19:08,905580,ROSWELL RD NE @ MIDVALE DR NE,33.873007,-84.381089
232,905580,52,2018-04-01 14:40:00,2020-04-02 14:39:08,905580,ROSWELL RD NE @ MIDVALE DR NE,33.873007,-84.381089
233,905580,352,2018-04-01 16:45:00,2020-04-02 16:39:08,905580,ROSWELL RD NE @ MIDVALE DR NE,33.873007,-84.381089
234,905580,602,2018-04-01 22:32:00,2020-04-02 22:21:58,905580,ROSWELL RD NE @ MIDVALE DR NE,33.873007,-84.381089
235,905580,-8,2018-04-01 06:19:00,2020-04-02 06:19:08,905580,ROSWELL RD NE @ MIDVALE DR NE,33.873007,-84.381089
236,905928,1292,2018-04-01 15:06:00,2020-04-02 14:44:28,905928,PIEDMONT RD NE @ HABERSHAM RD NE,33.853317,-84.381663
237,905928,1592,2018-04-01 13:51:00,2020-04-02 13:24:28,905928,PIEDMONT RD NE @ HABERSHAM RD NE,33.853317,-84.381663
238,905928,1232,2018-04-01 08:05:00,2020-04-02 07:44:28,905928,PIEDMONT RD NE @ HABERSHAM RD NE,33.853317,-84.381663
239,905928,-28,2018-04-01 12:04:00,2020-04-02 12:04:28,905928,PIEDMONT RD NE @ HABERSHAM RD NE,33.853317,-84.381663
240,905928,152,2018-04-01 16:07:00,2020-04-02 16:04:28,905928,PIEDMONT RD NE @ HABERSHAM RD NE,33.853317,-84.381663
241,905928,92,2018-04-01 18:06:00,2020-04-02 18:04:28,905928,PIEDMONT RD NE @ HABERSHAM RD NE,33.853317,-84.381663
242,905928,-88,2018-04-01 19:23:00,2020-04-02 19:24:28,905928,PIEDMONT RD NE @ HABERSHAM RD NE,33.853317,-84.381663
243,905928,152,2018-04-01 10:47:00,2020-04-02 10:44:28,905928,PIEDMONT RD NE @ HABERSHAM RD NE,33.853317,-84.381663
244,905928,32,2018-04-01 14:45:00,2020-04-02 14:44:28,905928,PIEDMONT RD NE @ HABERSHAM RD NE,33.853317,-84.381663
245,905928,272,2018-04-01 16:49:00,2020-04-02 16:44:28,905928,PIEDMONT RD NE @ HABERSHAM RD NE,33.853317,-84.381663
246,905928,734,2018-04-01 22:39:00,2020-04-02 22:26:46,905928,PIEDMONT RD NE @ HABERSHAM RD NE,33.853317,-84.381663
247,905928,134,2018-04-02 00:09:00,2020-04-02 00:06:46,905928,PIEDMONT RD NE @ HABERSHAM RD NE,33.853317,-84.381663
248,905928,-148,2018-04-01 08:22:00,2020-04-02 08:24:28,905928,PIEDMONT RD NE @ HABERSHAM RD NE,33.853317,-84.381663
249,905928,-208,2018-04-01 10:21:00,2020-04-02 10:24:28,905928,PIEDMONT RD NE @ HABERSHAM RD NE,33.853317,-84.381663
250,905928,-88,2018-04-01 12:23:00,2020-04-02 12:24:28,905928,PIEDMONT RD NE @ HABERSHAM RD NE,33.853317,-84.381663
251,905410,1252,2018-04-01 15:08:00,2020-04-02 14:47:08,905410,PIEDMONT RD NE @ TOWER PLACE DR NE,33.846509999999995,-84.372831
252,905410,-68,2018-04-01 17:06:00,2020-04-02 17:07:08,905410,PIEDMONT RD NE @ TOWER PLACE DR NE,33.846509999999995,-84.372831
253,905410,50,2018-04-01 22:50:00,2020-04-02 22:49:10,905410,PIEDMONT RD NE @ TOWER PLACE DR NE,33.846509999999995,-84.372831
254,905410,232,2018-04-01 15:51:00,2020-04-02 15:47:08,905410,PIEDMONT RD NE @ TOWER PLACE DR NE,33.846509999999995,-84.372831
255,905410,-368,2018-04-01 06:01:00,2020-04-02 06:07:08,905410,PIEDMONT RD NE @ TOWER PLACE DR NE,33.846509999999995,-84.372831
256,905410,1192,2018-04-01 08:07:00,2020-04-02 07:47:08,905410,PIEDMONT RD NE @ TOWER PLACE DR NE,33.846509999999995,-84.372831
257,905410,-308,2018-04-01 10:02:00,2020-04-02 10:07:08,905410,PIEDMONT RD NE @ TOWER PLACE DR NE,33.846509999999995,-84.372831
258,905410,172,2018-04-01 16:10:00,2020-04-02 16:07:08,905410,PIEDMONT RD NE @ TOWER PLACE DR NE,33.846509999999995,-84.372831
259,905410,112,2018-04-01 18:09:00,2020-04-02 18:07:08,905410,PIEDMONT RD NE @ TOWER PLACE DR NE,33.846509999999995,-84.372831
260,905410,-8,2018-04-01 07:27:00,2020-04-02 07:27:08,905410,PIEDMONT RD NE @ TOWER PLACE DR NE,33.846509999999995,-84.372831
261,905410,-8,2018-04-01 13:27:00,2020-04-02 13:27:08,905410,PIEDMONT RD NE @ TOWER PLACE DR NE,33.846509999999995,-84.372831
262,905410,-8,2018-04-01 15:27:00,2020-04-02 15:27:08,905410,PIEDMONT RD NE @ TOWER PLACE DR NE,33.846509999999995,-84.372831
263,905410,230,2018-04-01 21:33:00,2020-04-02 21:29:10,905410,PIEDMONT RD NE @ TOWER PLACE DR NE,33.846509999999995,-84.372831
264,905410,170,2018-04-02 00:52:00,2020-04-02 00:49:10,905410,PIEDMONT RD NE @ TOWER PLACE DR NE,33.846509999999995,-84.372831
265,905410,172,2018-04-01 12:50:00,2020-04-02 12:47:08,905410,PIEDMONT RD NE @ TOWER PLACE DR NE,33.846509999999995,-84.372831
266,905410,172,2018-04-01 14:50:00,2020-04-02 14:47:08,905410,PIEDMONT RD NE @ TOWER PLACE DR NE,33.846509999999995,-84.372831
267,905410,352,2018-04-01 16:53:00,2020-04-02 16:47:08,905410,PIEDMONT RD NE @ TOWER PLACE DR NE,33.846509999999995,-84.372831
268,905410,112,2018-04-01 20:51:00,2020-04-02 20:49:08,905410,PIEDMONT RD NE @ TOWER PLACE DR NE,33.846509999999995,-84.372831
269,905410,710,2018-04-01 22:41:00,2020-04-02 22:29:10,905410,PIEDMONT RD NE @ TOWER PLACE DR NE,33.846509999999995,-84.372831
270,905410,170,2018-04-02 00:12:00,2020-04-02 00:09:10,905410,PIEDMONT RD NE @ TOWER PLACE DR NE,33.846509999999995,-84.372831
271,905410,-128,2018-04-01 06:25:00,2020-04-02 06:27:08,905410,PIEDMONT RD NE @ TOWER PLACE DR NE,33.846509999999995,-84.372831
272,905410,-128,2018-04-01 08:25:00,2020-04-02 08:27:08,905410,PIEDMONT RD NE @ TOWER PLACE DR NE,33.846509999999995,-84.372831
273,905410,-248,2018-04-01 10:23:00,2020-04-02 10:27:08,905410,PIEDMONT RD NE @ TOWER PLACE DR NE,33.846509999999995,-84.372831
274,905410,-248,2018-04-01 14:23:00,2020-04-02 14:27:08,905410,PIEDMONT RD NE @ TOWER PLACE DR NE,33.846509999999995,-84.372831
275,905526,1260,2018-04-01 15:09:00,2020-04-02 14:48:00,905526,PIEDMONT RD NE @ PEACHTREE RD NE,33.844398999999996,-84.37180699999999
276,905526,-60,2018-04-01 19:07:00,2020-04-02 19:08:00,905526,PIEDMONT RD NE @ PEACHTREE RD NE,33.844398999999996,-84.37180699999999
277,905526,-60,2018-04-01 21:09:00,2020-04-02 21:10:00,905526,PIEDMONT RD NE @ PEACHTREE RD NE,33.844398999999996,-84.37180699999999
278,905526,-540,2018-04-01 05:59:00,2020-04-02 06:08:00,905526,PIEDMONT RD NE @ PEACHTREE RD NE,33.844398999999996,-84.37180699999999
279,905526,1560,2018-04-01 13:54:00,2020-04-02 13:28:00,905526,PIEDMONT RD NE @ PEACHTREE RD NE,33.844398999999996,-84.37180699999999
280,905526,300,2018-04-01 15:53:00,2020-04-02 15:48:00,905526,PIEDMONT RD NE @ PEACHTREE RD NE,33.844398999999996,-84.37180699999999
281,905526,-120,2018-04-01 06:06:00,2020-04-02 06:08:00,905526,PIEDMONT RD NE @ PEACHTREE RD NE,33.844398999999996,-84.37180699999999
282,905526,-60,2018-04-01 10:07:00,2020-04-02 10:08:00,905526,PIEDMONT RD NE @ PEACHTREE RD NE,33.844398999999996,-84.37180699999999
283,905526,60,2018-04-01 12:09:00,2020-04-02 12:08:00,905526,PIEDMONT RD NE @ PEACHTREE RD NE,33.844398999999996,-84.37180699999999
284,905526,120,2018-04-01 18:10:00,2020-04-02 18:08:00,905526,PIEDMONT RD NE @ PEACHTREE RD NE,33.844398999999996,-84.37180699999999
285,905526,0,2018-04-01 20:08:00,2020-04-02 20:08:00,905526,PIEDMONT RD NE @ PEACHTREE RD NE,33.844398999999996,-84.37180699999999
286,905526,0,2018-04-01 11:28:00,2020-04-02 11:28:00,905526,PIEDMONT RD NE @ PEACHTREE RD NE,33.844398999999996,-84.37180699999999
287,905526,0,2018-04-01 13:28:00,2020-04-02 13:28:00,905526,PIEDMONT RD NE @ PEACHTREE RD NE,33.844398999999996,-84.37180699999999
288,905526,0,2018-04-01 19:28:00,2020-04-02 19:28:00,905526,PIEDMONT RD NE @ PEACHTREE RD NE,33.844398999999996,-84.37180699999999
289,905526,60,2018-04-01 06:49:00,2020-04-02 06:48:00,905526,PIEDMONT RD NE @ PEACHTREE RD NE,33.844398999999996,-84.37180699999999
290,905526,360,2018-04-01 16:54:00,2020-04-02 16:48:00,905526,PIEDMONT RD NE @ PEACHTREE RD NE,33.844398999999996,-84.37180699999999
291,905526,720,2018-04-01 22:42:00,2020-04-02 22:30:00,905526,PIEDMONT RD NE @ PEACHTREE RD NE,33.844398999999996,-84.37180699999999
292,905526,-60,2018-04-01 06:27:00,2020-04-02 06:28:00,905526,PIEDMONT RD NE @ PEACHTREE RD NE,33.844398999999996,-84.37180699999999
293,905526,-120,2018-04-01 12:26:00,2020-04-02 12:28:00,905526,PIEDMONT RD NE @ PEACHTREE RD NE,33.844398999999996,-84.37180699999999
294,900482,1208,2018-04-01 15:12:00,2020-04-02 14:51:52,900482,PIEDMONT RD NE @ PHARR RD NE,33.837061,-84.368146
295,900482,-172,2018-04-01 19:09:00,2020-04-02 19:11:52,900482,PIEDMONT RD NE @ PHARR RD NE,33.837061,-84.368146
296,900482,-652,2018-04-01 06:01:00,2020-04-02 06:11:52,900482,PIEDMONT RD NE @ PHARR RD NE,33.837061,-84.368146
297,900482,308,2018-04-01 15:57:00,2020-04-02 15:51:52,900482,PIEDMONT RD NE @ PHARR RD NE,33.837061,-84.368146
298,900482,-112,2018-04-01 10:10:00,2020-04-02 10:11:52,900482,PIEDMONT RD NE @ PHARR RD NE,33.837061,-84.368146
299,900482,-52,2018-04-01 14:11:00,2020-04-02 14:11:52,900482,PIEDMONT RD NE @ PHARR RD NE,33.837061,-84.368146
300,900482,-52,2018-04-01 20:11:00,2020-04-02 20:11:52,900482,PIEDMONT RD NE @ PHARR RD NE,33.837061,-84.368146
301,900482,-172,2018-04-01 07:29:00,2020-04-02 07:31:52,900482,PIEDMONT RD NE @ PHARR RD NE,33.837061,-84.368146
302,900482,-112,2018-04-01 13:30:00,2020-04-02 13:31:52,900482,PIEDMONT RD NE @ PHARR RD NE,33.837061,-84.368146
303,900482,-112,2018-04-01 15:30:00,2020-04-02 15:31:52,900482,PIEDMONT RD NE @ PHARR RD NE,33.837061,-84.368146
304,900482,227,2018-04-01 21:37:00,2020-04-02 21:33:13,900482,PIEDMONT RD NE @ PHARR RD NE,33.837061,-84.368146
305,900482,-13,2018-04-01 23:13:00,2020-04-02 23:13:13,900482,PIEDMONT RD NE @ PHARR RD NE,33.837061,-84.368146
306,900482,8,2018-04-01 10:52:00,2020-04-02 10:51:52,900482,PIEDMONT RD NE @ PHARR RD NE,33.837061,-84.368146
307,900482,68,2018-04-01 12:53:00,2020-04-02 12:51:52,900482,PIEDMONT RD NE @ PHARR RD NE,33.837061,-84.368146
308,900482,428,2018-04-01 16:59:00,2020-04-02 16:51:52,900482,PIEDMONT RD NE @ PHARR RD NE,33.837061,-84.368146
309,900482,587,2018-04-01 22:43:00,2020-04-02 22:33:13,900482,PIEDMONT RD NE @ PHARR RD NE,33.837061,-84.368146
310,900482,-172,2018-04-01 06:29:00,2020-04-02 06:31:52,900482,PIEDMONT RD NE @ PHARR RD NE,33.837061,-84.368146
311,900482,-172,2018-04-01 14:29:00,2020-04-02 14:31:52,900482,PIEDMONT RD NE @ PHARR RD NE,33.837061,-84.368146
312,900477,-8,2018-04-01 15:38:00,2020-04-02 15:38:08,900477,PIEDMONT RD NE @ MIAMI CIR NE,33.827009999999994,-84.367019
313,900477,-8,2018-04-01 10:38:00,2020-04-02 10:38:08,900477,PIEDMONT RD NE @ MIAMI CIR NE,33.827009999999994,-84.367019
314,900477,52,2018-04-01 16:39:00,2020-04-02 16:38:08,900477,PIEDMONT RD NE @ MIAMI CIR NE,33.827009999999994,-84.367019
315,900477,52,2018-04-01 07:59:00,2020-04-02 07:58:08,900477,PIEDMONT RD NE @ MIAMI CIR NE,33.827009999999994,-84.367019
316,900477,-8,2018-04-01 09:58:00,2020-04-02 09:58:08,900477,PIEDMONT RD NE @ MIAMI CIR NE,33.827009999999994,-84.367019
317,900477,24,2018-04-01 21:58:00,2020-04-02 21:57:36,900477,PIEDMONT RD NE @ MIAMI CIR NE,33.827009999999994,-84.367019
318,900477,24,2018-04-02 01:18:00,2020-04-02 01:17:36,900477,PIEDMONT RD NE @ MIAMI CIR NE,33.827009999999994,-84.367019
319,900477,52,2018-04-01 09:19:00,2020-04-02 09:18:08,900477,PIEDMONT RD NE @ MIAMI CIR NE,33.827009999999994,-84.367019
320,900477,112,2018-04-01 15:20:00,2020-04-02 15:18:08,900477,PIEDMONT RD NE @ MIAMI CIR NE,33.827009999999994,-84.367019
321,900477,352,2018-04-01 17:24:00,2020-04-02 17:18:08,900477,PIEDMONT RD NE @ MIAMI CIR NE,33.827009999999994,-84.367019
322,900477,444,2018-04-01 23:05:00,2020-04-02 22:57:36,900477,PIEDMONT RD NE @ MIAMI CIR NE,33.827009999999994,-84.367019
323,900477,292,2018-04-01 11:03:00,2020-04-02 10:58:08,900477,PIEDMONT RD NE @ MIAMI CIR NE,33.827009999999994,-84.367019
324,900477,112,2018-04-01 13:00:00,2020-04-02 12:58:08,900477,PIEDMONT RD NE @ MIAMI CIR NE,33.827009999999994,-84.367019
325,905524,116,2018-04-01 15:52:00,2020-04-02 15:50:04,905524,PIEDMONT RD NE @ HABERSHAM RD NE,33.852924,-84.38105300000001
326,905524,116,2018-04-01 19:52:00,2020-04-02 19:50:04,905524,PIEDMONT RD NE @ HABERSHAM RD NE,33.852924,-84.38105300000001
327,905524,134,2018-04-01 21:50:00,2020-04-02 21:47:46,905524,PIEDMONT RD NE @ HABERSHAM RD NE,33.852924,-84.38105300000001
328,905524,116,2018-04-01 08:32:00,2020-04-02 08:30:04,905524,PIEDMONT RD NE @ HABERSHAM RD NE,33.852924,-84.38105300000001
329,905524,176,2018-04-01 14:33:00,2020-04-02 14:30:04,905524,PIEDMONT RD NE @ HABERSHAM RD NE,33.852924,-84.38105300000001
330,905524,-244,2018-04-01 08:46:00,2020-04-02 08:50:04,905524,PIEDMONT RD NE @ HABERSHAM RD NE,33.852924,-84.38105300000001
331,905524,-184,2018-04-01 10:47:00,2020-04-02 10:50:04,905524,PIEDMONT RD NE @ HABERSHAM RD NE,33.852924,-84.38105300000001
332,905524,356,2018-04-01 12:16:00,2020-04-02 12:10:04,905524,PIEDMONT RD NE @ HABERSHAM RD NE,33.852924,-84.38105300000001
333,905524,56,2018-04-01 18:11:00,2020-04-02 18:10:04,905524,PIEDMONT RD NE @ HABERSHAM RD NE,33.852924,-84.38105300000001
334,905524,74,2018-04-01 23:49:00,2020-04-02 23:47:46,905524,PIEDMONT RD NE @ HABERSHAM RD NE,33.852924,-84.38105300000001
335,905524,56,2018-04-01 09:31:00,2020-04-02 09:30:04,905524,PIEDMONT RD NE @ HABERSHAM RD NE,33.852924,-84.38105300000001
336,905524,116,2018-04-01 13:32:00,2020-04-02 13:30:04,905524,PIEDMONT RD NE @ HABERSHAM RD NE,33.852924,-84.38105300000001
337,905524,56,2018-04-01 17:31:00,2020-04-02 17:30:04,905524,PIEDMONT RD NE @ HABERSHAM RD NE,33.852924,-84.38105300000001
338,905524,914,2018-04-01 22:43:00,2020-04-02 22:27:46,905524,PIEDMONT RD NE @ HABERSHAM RD NE,33.852924,-84.38105300000001
339,905524,1034,2018-04-01 22:45:00,2020-04-02 22:27:46,905524,PIEDMONT RD NE @ HABERSHAM RD NE,33.852924,-84.38105300000001
340,905528,162,2018-04-01 15:55:00,2020-04-02 15:52:18,905528,ROSWELL RD NE @ SHELDON DR NE,33.860558000000005,-84.380416
341,905528,-138,2018-04-01 17:50:00,2020-04-02 17:52:18,905528,ROSWELL RD NE @ SHELDON DR NE,33.860558000000005,-84.380416
342,905528,102,2018-04-01 08:34:00,2020-04-02 08:32:18,905528,ROSWELL RD NE @ SHELDON DR NE,33.860558000000005,-84.380416
343,905528,-198,2018-04-01 12:49:00,2020-04-02 12:52:18,905528,ROSWELL RD NE @ SHELDON DR NE,33.860558000000005,-84.380416
344,905528,42,2018-04-01 14:53:00,2020-04-02 14:52:18,905528,ROSWELL RD NE @ SHELDON DR NE,33.860558000000005,-84.380416
345,905528,102,2018-04-01 16:54:00,2020-04-02 16:52:18,905528,ROSWELL RD NE @ SHELDON DR NE,33.860558000000005,-84.380416
346,905528,-18,2018-04-01 08:12:00,2020-04-02 08:12:18,905528,ROSWELL RD NE @ SHELDON DR NE,33.860558000000005,-84.380416
347,905528,402,2018-04-01 12:19:00,2020-04-02 12:12:18,905528,ROSWELL RD NE @ SHELDON DR NE,33.860558000000005,-84.380416
348,905528,193,2018-04-01 22:13:00,2020-04-02 22:09:47,905528,ROSWELL RD NE @ SHELDON DR NE,33.860558000000005,-84.380416
349,905577,148,2018-04-01 15:58:00,2020-04-02 15:55:32,905577,ROSWELL RD NE @ MIDVALE DR NE,33.872971,-84.38096999999999
350,905577,-212,2018-04-01 10:52:00,2020-04-02 10:55:32,905577,ROSWELL RD NE @ MIDVALE DR NE,33.872971,-84.38096999999999
351,905577,-92,2018-04-01 20:54:00,2020-04-02 20:55:32,905577,ROSWELL RD NE @ MIDVALE DR NE,33.872971,-84.38096999999999
352,905577,268,2018-04-01 12:20:00,2020-04-02 12:15:32,905577,ROSWELL RD NE @ MIDVALE DR NE,33.872971,-84.38096999999999
353,905577,198,2018-04-01 22:16:00,2020-04-02 22:12:42,905577,ROSWELL RD NE @ MIDVALE DR NE,33.872971,-84.38096999999999
354,905577,-92,2018-04-01 11:14:00,2020-04-02 11:15:32,905577,ROSWELL RD NE @ MIDVALE DR NE,33.872971,-84.38096999999999
355,905577,-92,2018-04-01 13:14:00,2020-04-02 13:15:32,905577,ROSWELL RD NE @ MIDVALE DR NE,33.872971,-84.38096999999999
356,905870,80,2018-04-01 16:00:00,2020-04-02 15:58:40,905870,ROSWELL RD NE@MYSTIC CT,33.884946,-84.380978
357,905991,69,2018-04-01 16:04:00,2020-04-02 16:02:51,905991,ROSWELL RD NE@GREEN HILL RD NE,33.90044,-84.38
358,905991,69,2018-04-01 15:04:00,2020-04-02 15:02:51,905991,ROSWELL RD NE@GREEN HILL RD NE,33.90044,-84.38
359,905991,129,2018-04-01 17:05:00,2020-04-02 17:02:51,905991,ROSWELL RD NE@GREEN HILL RD NE,33.90044,-84.38
360,905991,279,2018-04-01 22:24:00,2020-04-02 22:19:21,905991,ROSWELL RD NE@GREEN HILL RD NE,33.90044,-84.38
361,905991,-51,2018-04-01 07:42:00,2020-04-02 07:42:51,905991,ROSWELL RD NE@GREEN HILL RD NE,33.90044,-84.38
362,905991,-51,2018-04-01 17:42:00,2020-04-02 17:42:51,905991,ROSWELL RD NE@GREEN HILL RD NE,33.90044,-84.38
363,905991,99,2018-04-01 23:21:00,2020-04-02 23:19:21,905991,ROSWELL RD NE@GREEN HILL RD NE,33.90044,-84.38
364,905991,-351,2018-04-01 07:17:00,2020-04-02 07:22:51,905991,ROSWELL RD NE@GREEN HILL RD NE,33.90044,-84.38
365,905991,-231,2018-04-01 13:19:00,2020-04-02 13:22:51,905991,ROSWELL RD NE@GREEN HILL RD NE,33.90044,-84.38
366,906307,38,2018-04-01 16:08:00,2020-04-02 16:07:22,906307,ROSWELL RD NE @ 5925,33.917522,-84.379041
367,906307,158,2018-04-01 06:50:00,2020-04-02 06:47:22,906307,ROSWELL RD NE @ 5925,33.917522,-84.379041
368,906307,-22,2018-04-01 08:47:00,2020-04-02 08:47:22,906307,ROSWELL RD NE @ 5925,33.917522,-84.379041
369,906307,38,2018-04-01 14:48:00,2020-04-02 14:47:22,906307,ROSWELL RD NE @ 5925,33.917522,-84.379041
370,906307,-82,2018-04-01 09:06:00,2020-04-02 09:07:22,906307,ROSWELL RD NE @ 5925,33.917522,-84.379041
371,906307,-142,2018-04-01 11:05:00,2020-04-02 11:07:22,906307,ROSWELL RD NE @ 5925,33.917522,-84.379041
372,906307,-22,2018-04-01 19:07:00,2020-04-02 19:07:22,906307,ROSWELL RD NE @ 5925,33.917522,-84.379041
373,906307,-22,2018-04-01 08:27:00,2020-04-02 08:27:22,906307,ROSWELL RD NE @ 5925,33.917522,-84.379041
374,906307,-22,2018-04-01 07:47:00,2020-04-02 07:47:22,906307,ROSWELL RD NE @ 5925,33.917522,-84.379041
375,906307,-22,2018-04-01 17:47:00,2020-04-02 17:47:22,906307,ROSWELL RD NE @ 5925,33.917522,-84.379041
376,906307,-82,2018-04-01 07:26:00,2020-04-02 07:27:22,906307,ROSWELL RD NE @ 5925,33.917522,-84.379041
377,906307,218,2018-04-01 11:31:00,2020-04-02 11:27:22,906307,ROSWELL RD NE @ 5925,33.917522,-84.379041
378,906334,31,2018-04-01 16:47:00,2020-04-02 16:46:29,906334,ROSWELL RD NE @ SANDY SPRINGS PL,33.920108,-84.379042
379,906334,1411,2018-04-01 13:30:00,2020-04-02 13:06:29,906334,ROSWELL RD NE @ SANDY SPRINGS PL,33.920108,-84.379042
380,906334,31,2018-04-01 15:27:00,2020-04-02 15:26:29,906334,ROSWELL RD NE @ SANDY SPRINGS PL,33.920108,-84.379042
381,906334,1171,2018-04-01 07:46:00,2020-04-02 07:26:29,906334,ROSWELL RD NE @ SANDY SPRINGS PL,33.920108,-84.379042
382,906334,151,2018-04-01 13:49:00,2020-04-02 13:46:29,906334,ROSWELL RD NE @ SANDY SPRINGS PL,33.920108,-84.379042
383,906334,31,2018-04-01 17:47:00,2020-04-02 17:46:29,906334,ROSWELL RD NE @ SANDY SPRINGS PL,33.920108,-84.379042
384,906334,31,2018-04-01 19:47:00,2020-04-02 19:46:29,906334,ROSWELL RD NE @ SANDY SPRINGS PL,33.920108,-84.379042
385,906334,151,2018-04-01 07:09:00,2020-04-02 07:06:29,906334,ROSWELL RD NE @ SANDY SPRINGS PL,33.920108,-84.379042
386,906334,31,2018-04-01 13:07:00,2020-04-02 13:06:29,906334,ROSWELL RD NE @ SANDY SPRINGS PL,33.920108,-84.379042
387,906334,-29,2018-04-01 15:06:00,2020-04-02 15:06:29,906334,ROSWELL RD NE @ SANDY SPRINGS PL,33.920108,-84.379042
388,906334,-29,2018-04-01 19:06:00,2020-04-02 19:06:29,906334,ROSWELL RD NE @ SANDY SPRINGS PL,33.920108,-84.379042
389,906334,90,2018-04-01 21:12:00,2020-04-02 21:10:30,906334,ROSWELL RD NE @ SANDY SPRINGS PL,33.920108,-84.379042
390,906334,31,2018-04-01 06:27:00,2020-04-02 06:26:29,906334,ROSWELL RD NE @ SANDY SPRINGS PL,33.920108,-84.379042
391,906334,151,2018-04-01 12:29:00,2020-04-02 12:26:29,906334,ROSWELL RD NE @ SANDY SPRINGS PL,33.920108,-84.379042
392,906334,-29,2018-04-01 14:26:00,2020-04-02 14:26:29,906334,ROSWELL RD NE @ SANDY SPRINGS PL,33.920108,-84.379042
393,906334,271,2018-04-01 16:31:00,2020-04-02 16:26:29,906334,ROSWELL RD NE @ SANDY SPRINGS PL,33.920108,-84.379042
394,906334,390,2018-04-01 22:17:00,2020-04-02 22:10:30,906334,ROSWELL RD NE @ SANDY SPRINGS PL,33.920108,-84.379042
395,906334,90,2018-04-01 23:52:00,2020-04-02 23:50:30,906334,ROSWELL RD NE @ SANDY SPRINGS PL,33.920108,-84.379042
396,906334,211,2018-04-01 06:10:00,2020-04-02 06:06:29,906334,ROSWELL RD NE @ SANDY SPRINGS PL,33.920108,-84.379042
397,906334,-89,2018-04-01 10:05:00,2020-04-02 10:06:29,906334,ROSWELL RD NE @ SANDY SPRINGS PL,33.920108,-84.379042
398,906334,31,2018-04-01 14:07:00,2020-04-02 14:06:29,906334,ROSWELL RD NE @ SANDY SPRINGS PL,33.920108,-84.379042
399,905746,-147,2018-04-01 16:54:00,2020-04-02 16:56:27,905746,ROSWELL RD NE@MYSTIC PL NE,33.883138,-84.380128
400,905746,-447,2018-04-01 05:49:00,2020-04-02 05:56:27,905746,ROSWELL RD NE@MYSTIC PL NE,33.883138,-84.380128
401,905746,153,2018-04-01 15:39:00,2020-04-02 15:36:27,905746,ROSWELL RD NE@MYSTIC PL NE,33.883138,-84.380128
402,905746,-207,2018-04-01 09:53:00,2020-04-02 09:56:27,905746,ROSWELL RD NE@MYSTIC PL NE,33.883138,-84.380128
403,905746,-27,2018-04-01 11:56:00,2020-04-02 11:56:27,905746,ROSWELL RD NE@MYSTIC PL NE,33.883138,-84.380128
404,905746,-87,2018-04-01 15:55:00,2020-04-02 15:56:27,905746,ROSWELL RD NE@MYSTIC PL NE,33.883138,-84.380128
405,905746,-27,2018-04-01 17:56:00,2020-04-02 17:56:27,905746,ROSWELL RD NE@MYSTIC PL NE,33.883138,-84.380128
406,905746,-27,2018-04-01 07:16:00,2020-04-02 07:16:27,905746,ROSWELL RD NE@MYSTIC PL NE,33.883138,-84.380128
407,905746,-87,2018-04-01 13:15:00,2020-04-02 13:16:27,905746,ROSWELL RD NE@MYSTIC PL NE,33.883138,-84.380128
408,905746,87,2018-04-01 23:01:00,2020-04-02 22:59:33,905746,ROSWELL RD NE@MYSTIC PL NE,33.883138,-84.380128
409,905746,33,2018-04-01 06:37:00,2020-04-02 06:36:27,905746,ROSWELL RD NE@MYSTIC PL NE,33.883138,-84.380128
410,905746,-27,2018-04-01 10:36:00,2020-04-02 10:36:27,905746,ROSWELL RD NE@MYSTIC PL NE,33.883138,-84.380128
411,905746,93,2018-04-01 12:38:00,2020-04-02 12:36:27,905746,ROSWELL RD NE@MYSTIC PL NE,33.883138,-84.380128
412,905746,33,2018-04-01 14:37:00,2020-04-02 14:36:27,905746,ROSWELL RD NE@MYSTIC PL NE,33.883138,-84.380128
413,905746,-27,2018-04-01 08:16:00,2020-04-02 08:16:27,905746,ROSWELL RD NE@MYSTIC PL NE,33.883138,-84.380128
414,901705,-144,2018-04-01 17:07:00,2020-04-02 17:09:24,901705,PIEDMONT RD NE @ MARTINA DR NE,33.84171,-84.37053
415,901705,-24,2018-04-01 15:29:00,2020-04-02 15:29:24,901705,PIEDMONT RD NE @ MARTINA DR NE,33.84171,-84.37053
416,901705,230,2018-04-02 00:55:00,2020-04-02 00:51:10,901705,PIEDMONT RD NE @ MARTINA DR NE,33.84171,-84.37053
417,901705,456,2018-04-01 16:57:00,2020-04-02 16:49:24,901705,PIEDMONT RD NE @ MARTINA DR NE,33.84171,-84.37053
418,901705,170,2018-04-02 00:14:00,2020-04-02 00:11:10,901705,PIEDMONT RD NE @ MARTINA DR NE,33.84171,-84.37053
419,901705,-84,2018-04-01 08:28:00,2020-04-02 08:29:24,901705,PIEDMONT RD NE @ MARTINA DR NE,33.84171,-84.37053
420,905289,-146,2018-04-01 17:45:00,2020-04-02 17:47:26,905289,PIEDMONT RD NE @ TOWER PLACE DR,33.846081,-84.372483
421,905289,34,2018-04-01 19:48:00,2020-04-02 19:47:26,905289,PIEDMONT RD NE @ TOWER PLACE DR,33.846081,-84.372483
422,905289,97,2018-04-01 21:47:00,2020-04-02 21:45:23,905289,PIEDMONT RD NE @ TOWER PLACE DR,33.846081,-84.372483
423,905289,94,2018-04-01 08:29:00,2020-04-02 08:27:26,905289,PIEDMONT RD NE @ TOWER PLACE DR,33.846081,-84.372483
424,905289,94,2018-04-01 14:29:00,2020-04-02 14:27:26,905289,PIEDMONT RD NE @ TOWER PLACE DR,33.846081,-84.372483
425,905289,-386,2018-04-01 06:41:00,2020-04-02 06:47:26,905289,PIEDMONT RD NE @ TOWER PLACE DR,33.846081,-84.372483
426,905289,-266,2018-04-01 08:43:00,2020-04-02 08:47:26,905289,PIEDMONT RD NE @ TOWER PLACE DR,33.846081,-84.372483
427,905289,34,2018-04-01 14:48:00,2020-04-02 14:47:26,905289,PIEDMONT RD NE @ TOWER PLACE DR,33.846081,-84.372483
428,905289,34,2018-04-01 16:48:00,2020-04-02 16:47:26,905289,PIEDMONT RD NE @ TOWER PLACE DR,33.846081,-84.372483
429,905289,34,2018-04-01 18:48:00,2020-04-02 18:47:26,905289,PIEDMONT RD NE @ TOWER PLACE DR,33.846081,-84.372483
430,905289,34,2018-04-01 10:08:00,2020-04-02 10:07:26,905289,PIEDMONT RD NE @ TOWER PLACE DR,33.846081,-84.372483
431,905289,334,2018-04-01 12:13:00,2020-04-02 12:07:26,905289,PIEDMONT RD NE @ TOWER PLACE DR,33.846081,-84.372483
432,905289,34,2018-04-01 16:08:00,2020-04-02 16:07:26,905289,PIEDMONT RD NE @ TOWER PLACE DR,33.846081,-84.372483
433,905289,34,2018-04-01 18:08:00,2020-04-02 18:07:26,905289,PIEDMONT RD NE @ TOWER PLACE DR,33.846081,-84.372483
434,905289,94,2018-04-01 20:09:00,2020-04-02 20:07:26,905289,PIEDMONT RD NE @ TOWER PLACE DR,33.846081,-84.372483
435,905289,37,2018-04-01 22:06:00,2020-04-02 22:05:23,905289,PIEDMONT RD NE @ TOWER PLACE DR,33.846081,-84.372483
436,905289,34,2018-04-01 07:28:00,2020-04-02 07:27:26,905289,PIEDMONT RD NE @ TOWER PLACE DR,33.846081,-84.372483
437,905289,34,2018-04-01 09:28:00,2020-04-02 09:27:26,905289,PIEDMONT RD NE @ TOWER PLACE DR,33.846081,-84.372483
438,905289,214,2018-04-01 15:31:00,2020-04-02 15:27:26,905289,PIEDMONT RD NE @ TOWER PLACE DR,33.846081,-84.372483
439,905289,34,2018-04-01 17:28:00,2020-04-02 17:27:26,905289,PIEDMONT RD NE @ TOWER PLACE DR,33.846081,-84.372483
440,905289,154,2018-04-01 19:30:00,2020-04-02 19:27:26,905289,PIEDMONT RD NE @ TOWER PLACE DR,33.846081,-84.372483
441,905289,217,2018-04-01 23:09:00,2020-04-02 23:05:23,905289,PIEDMONT RD NE @ TOWER PLACE DR,33.846081,-84.372483
442,905289,34,2018-04-01 09:08:00,2020-04-02 09:07:26,905289,PIEDMONT RD NE @ TOWER PLACE DR,33.846081,-84.372483
443,905871,-256,2018-04-01 17:55:00,2020-04-02 17:59:16,905871,ROSWELL RD NE @ LONG ISLAND DR NE,33.887039,-84.381622
444,905871,-306,2018-04-01 23:31:00,2020-04-02 23:36:06,905871,ROSWELL RD NE @ LONG ISLAND DR NE,33.887039,-84.381622
445,905871,104,2018-04-01 08:41:00,2020-04-02 08:39:16,905871,ROSWELL RD NE @ LONG ISLAND DR NE,33.887039,-84.381622
446,905871,-136,2018-04-01 18:57:00,2020-04-02 18:59:16,905871,ROSWELL RD NE @ LONG ISLAND DR NE,33.887039,-84.381622
447,905871,-76,2018-04-01 20:58:00,2020-04-02 20:59:16,905871,ROSWELL RD NE @ LONG ISLAND DR NE,33.887039,-84.381622
448,905871,164,2018-04-01 16:22:00,2020-04-02 16:19:16,905871,ROSWELL RD NE @ LONG ISLAND DR NE,33.887039,-84.381622
449,905871,294,2018-04-01 22:21:00,2020-04-02 22:16:06,905871,ROSWELL RD NE @ LONG ISLAND DR NE,33.887039,-84.381622
450,905871,104,2018-04-01 15:41:00,2020-04-02 15:39:16,905871,ROSWELL RD NE @ LONG ISLAND DR NE,33.887039,-84.381622
451,905871,114,2018-04-01 23:18:00,2020-04-02 23:16:06,905871,ROSWELL RD NE @ LONG ISLAND DR NE,33.887039,-84.381622
452,905871,-136,2018-04-01 13:17:00,2020-04-02 13:19:16,905871,ROSWELL RD NE @ LONG ISLAND DR NE,33.887039,-84.381622
453,905988,-245,2018-04-01 17:56:00,2020-04-02 18:00:05,905988,ROSWELL RD NE @ BELLE ISLE RD NE,33.890188,-84.381275
454,905988,55,2018-04-01 20:01:00,2020-04-02 20:00:05,905988,ROSWELL RD NE @ BELLE ISLE RD NE,33.890188,-84.381275
455,905988,129,2018-04-01 21:59:00,2020-04-02 21:56:51,905988,ROSWELL RD NE @ BELLE ISLE RD NE,33.890188,-84.381275
456,905988,355,2018-04-01 12:46:00,2020-04-02 12:40:05,905988,ROSWELL RD NE @ BELLE ISLE RD NE,33.890188,-84.381275
457,905988,-365,2018-04-01 12:54:00,2020-04-02 13:00:05,905988,ROSWELL RD NE @ BELLE ISLE RD NE,33.890188,-84.381275
458,905988,55,2018-04-01 15:01:00,2020-04-02 15:00:05,905988,ROSWELL RD NE @ BELLE ISLE RD NE,33.890188,-84.381275
459,905988,175,2018-04-01 17:03:00,2020-04-02 17:00:05,905988,ROSWELL RD NE @ BELLE ISLE RD NE,33.890188,-84.381275
460,905988,-5,2018-04-01 21:00:00,2020-04-02 21:00:05,905988,ROSWELL RD NE @ BELLE ISLE RD NE,33.890188,-84.381275
461,905988,235,2018-04-01 12:24:00,2020-04-02 12:20:05,905988,ROSWELL RD NE @ BELLE ISLE RD NE,33.890188,-84.381275
462,905988,-65,2018-04-01 14:19:00,2020-04-02 14:20:05,905988,ROSWELL RD NE @ BELLE ISLE RD NE,33.890188,-84.381275
463,905988,55,2018-04-01 18:21:00,2020-04-02 18:20:05,905988,ROSWELL RD NE @ BELLE ISLE RD NE,33.890188,-84.381275
464,905988,115,2018-04-01 20:22:00,2020-04-02 20:20:05,905988,ROSWELL RD NE @ BELLE ISLE RD NE,33.890188,-84.381275
465,905988,309,2018-04-01 22:22:00,2020-04-02 22:16:51,905988,ROSWELL RD NE @ BELLE ISLE RD NE,33.890188,-84.381275
466,905988,51,2018-04-02 01:36:00,2020-04-02 01:36:51,905988,ROSWELL RD NE @ BELLE ISLE RD NE,33.890188,-84.381275
467,905988,-5,2018-04-01 07:40:00,2020-04-02 07:40:05,905988,ROSWELL RD NE @ BELLE ISLE RD NE,33.890188,-84.381275
468,905988,55,2018-04-01 11:41:00,2020-04-02 11:40:05,905988,ROSWELL RD NE @ BELLE ISLE RD NE,33.890188,-84.381275
469,905988,-5,2018-04-01 17:40:00,2020-04-02 17:40:05,905988,ROSWELL RD NE @ BELLE ISLE RD NE,33.890188,-84.381275
470,902751,120,2018-04-01 18:49:00,2020-04-02 18:47:00,902751,ROSWELL RD NE @ HAMMOND DR NE,33.918641,-84.379085
471,902751,60,2018-04-01 20:52:00,2020-04-02 20:51:00,902751,ROSWELL RD NE @ HAMMOND DR NE,33.918641,-84.379085
472,902751,120,2018-04-01 22:33:00,2020-04-02 22:31:00,902751,ROSWELL RD NE @ HAMMOND DR NE,33.918641,-84.379085
473,902751,-360,2018-04-01 05:41:00,2020-04-02 05:47:00,902751,ROSWELL RD NE @ HAMMOND DR NE,33.918641,-84.379085
474,902751,60,2018-04-01 15:28:00,2020-04-02 15:27:00,902751,ROSWELL RD NE @ HAMMOND DR NE,33.918641,-84.379085
475,902751,0,2018-04-01 05:47:00,2020-04-02 05:47:00,902751,ROSWELL RD NE @ HAMMOND DR NE,33.918641,-84.379085
476,902751,0,2018-04-01 17:47:00,2020-04-02 17:47:00,902751,ROSWELL RD NE @ HAMMOND DR NE,33.918641,-84.379085
477,902751,60,2018-04-01 19:48:00,2020-04-02 19:47:00,902751,ROSWELL RD NE @ HAMMOND DR NE,33.918641,-84.379085
478,902751,0,2018-04-01 13:07:00,2020-04-02 13:07:00,902751,ROSWELL RD NE @ HAMMOND DR NE,33.918641,-84.379085
479,902751,0,2018-04-01 19:07:00,2020-04-02 19:07:00,902751,ROSWELL RD NE @ HAMMOND DR NE,33.918641,-84.379085
480,902751,180,2018-04-01 21:14:00,2020-04-02 21:11:00,902751,ROSWELL RD NE @ HAMMOND DR NE,33.918641,-84.379085
481,902751,120,2018-04-01 22:53:00,2020-04-02 22:51:00,902751,ROSWELL RD NE @ HAMMOND DR NE,33.918641,-84.379085
482,902751,120,2018-04-01 10:29:00,2020-04-02 10:27:00,902751,ROSWELL RD NE @ HAMMOND DR NE,33.918641,-84.379085
483,902751,240,2018-04-01 16:31:00,2020-04-02 16:27:00,902751,ROSWELL RD NE @ HAMMOND DR NE,33.918641,-84.379085
484,902751,420,2018-04-01 22:18:00,2020-04-02 22:11:00,902751,ROSWELL RD NE @ HAMMOND DR NE,33.918641,-84.379085
485,902751,60,2018-04-01 14:08:00,2020-04-02 14:07:00,902751,ROSWELL RD NE @ HAMMOND DR NE,33.918641,-84.379085
486,905646,-74,2018-04-01 19:01:00,2020-04-02 19:02:14,905646,ROSWELL RD NE @ LE BRUN RD NE,33.861167,-84.38045
487,905646,1426,2018-04-01 13:46:00,2020-04-02 13:22:14,905646,ROSWELL RD NE @ LE BRUN RD NE,33.861167,-84.38045
488,905646,106,2018-04-01 15:44:00,2020-04-02 15:42:14,905646,ROSWELL RD NE @ LE BRUN RD NE,33.861167,-84.38045
489,905646,46,2018-04-01 14:03:00,2020-04-02 14:02:14,905646,ROSWELL RD NE @ LE BRUN RD NE,33.861167,-84.38045
490,905646,-14,2018-04-01 06:42:00,2020-04-02 06:42:14,905646,ROSWELL RD NE @ LE BRUN RD NE,33.861167,-84.38045
491,905646,-14,2018-04-01 10:42:00,2020-04-02 10:42:14,905646,ROSWELL RD NE @ LE BRUN RD NE,33.861167,-84.38045
492,905646,-14,2018-04-01 14:42:00,2020-04-02 14:42:14,905646,ROSWELL RD NE @ LE BRUN RD NE,33.861167,-84.38045
493,905646,-74,2018-04-01 20:43:00,2020-04-02 20:44:14,905646,ROSWELL RD NE @ LE BRUN RD NE,33.861167,-84.38045
494,905646,554,2018-04-01 22:34:00,2020-04-02 22:24:46,905646,ROSWELL RD NE @ LE BRUN RD NE,33.861167,-84.38045
495,905646,-254,2018-04-01 12:18:00,2020-04-02 12:22:14,905646,ROSWELL RD NE @ LE BRUN RD NE,33.861167,-84.38045
496,905646,-194,2018-04-01 14:19:00,2020-04-02 14:22:14,905646,ROSWELL RD NE @ LE BRUN RD NE,33.861167,-84.38045
497,905927,126,2018-04-01 19:53:00,2020-04-02 19:50:54,905927,ROSWELL RD NE @ POWERS FERRY RD NW,33.855554,-84.382579
498,905927,-114,2018-04-01 10:49:00,2020-04-02 10:50:54,905927,ROSWELL RD NE @ POWERS FERRY RD NW,33.855554,-84.382579
499,905927,-54,2018-04-01 08:10:00,2020-04-02 08:10:54,905927,ROSWELL RD NE @ POWERS FERRY RD NW,33.855554,-84.382579
500,905927,186,2018-04-01 20:14:00,2020-04-02 20:10:54,905927,ROSWELL RD NE @ POWERS FERRY RD NW,33.855554,-84.382579
501,905927,6,2018-04-01 07:31:00,2020-04-02 07:30:54,905927,ROSWELL RD NE @ POWERS FERRY RD NW,33.855554,-84.382579
502,905927,6,2018-04-01 11:31:00,2020-04-02 11:30:54,905927,ROSWELL RD NE @ POWERS FERRY RD NW,33.855554,-84.382579
503,905927,66,2018-04-01 11:12:00,2020-04-02 11:10:54,905927,ROSWELL RD NE @ POWERS FERRY RD NW,33.855554,-84.382579
504,905927,66,2018-04-01 13:12:00,2020-04-02 13:10:54,905927,ROSWELL RD NE @ POWERS FERRY RD NW,33.855554,-84.382579
505,905629,51,2018-04-01 19:59:00,2020-04-02 19:58:09,905629,ROSWELL RD NE@MYSTIC PL NE,33.88297,-84.37994
506,905629,51,2018-04-01 08:39:00,2020-04-02 08:38:09,905629,ROSWELL RD NE@MYSTIC PL NE,33.88297,-84.37994
507,905629,-309,2018-04-01 06:53:00,2020-04-02 06:58:09,905629,ROSWELL RD NE@MYSTIC PL NE,33.88297,-84.37994
508,905629,-309,2018-04-01 08:53:00,2020-04-02 08:58:09,905629,ROSWELL RD NE@MYSTIC PL NE,33.88297,-84.37994
509,905629,51,2018-04-01 14:59:00,2020-04-02 14:58:09,905629,ROSWELL RD NE@MYSTIC PL NE,33.88297,-84.37994
510,905629,171,2018-04-01 17:01:00,2020-04-02 16:58:09,905629,ROSWELL RD NE@MYSTIC PL NE,33.88297,-84.37994
511,905629,-129,2018-04-01 08:16:00,2020-04-02 08:18:09,905629,ROSWELL RD NE@MYSTIC PL NE,33.88297,-84.37994
512,905629,171,2018-04-01 16:21:00,2020-04-02 16:18:09,905629,ROSWELL RD NE@MYSTIC PL NE,33.88297,-84.37994
513,905629,-9,2018-04-01 18:18:00,2020-04-02 18:18:09,905629,ROSWELL RD NE@MYSTIC PL NE,33.88297,-84.37994
514,905629,-9,2018-04-01 11:38:00,2020-04-02 11:38:09,905629,ROSWELL RD NE@MYSTIC PL NE,33.88297,-84.37994
515,905629,-9,2018-04-01 17:38:00,2020-04-02 17:38:09,905629,ROSWELL RD NE@MYSTIC PL NE,33.88297,-84.37994
516,905629,51,2018-04-01 19:39:00,2020-04-02 19:38:09,905629,ROSWELL RD NE@MYSTIC PL NE,33.88297,-84.37994
517,905629,175,2018-04-01 23:18:00,2020-04-02 23:15:05,905629,ROSWELL RD NE@MYSTIC PL NE,33.88297,-84.37994
518,905629,55,2018-04-02 00:56:00,2020-04-02 00:55:05,905629,ROSWELL RD NE@MYSTIC PL NE,33.88297,-84.37994
519,905629,-129,2018-04-01 09:16:00,2020-04-02 09:18:09,905629,ROSWELL RD NE@MYSTIC PL NE,33.88297,-84.37994
520,905629,-69,2018-04-01 11:17:00,2020-04-02 11:18:09,905629,ROSWELL RD NE@MYSTIC PL NE,33.88297,-84.37994
521,905629,891,2018-04-01 15:33:00,2020-04-02 15:18:09,905629,ROSWELL RD NE@MYSTIC PL NE,33.88297,-84.37994
522,906290,-76,2018-04-01 20:04:00,2020-04-02 20:05:16,906290,ROSWELL RD NE @ LAKE PLACID DR NE,33.909521999999996,-84.378654
523,906290,148,2018-04-01 22:04:00,2020-04-02 22:01:32,906290,ROSWELL RD NE @ LAKE PLACID DR NE,33.909521999999996,-84.378654
524,906290,-452,2018-04-02 01:14:00,2020-04-02 01:21:32,906290,ROSWELL RD NE @ LAKE PLACID DR NE,33.909521999999996,-84.378654
525,906290,-16,2018-04-01 08:45:00,2020-04-02 08:45:16,906290,ROSWELL RD NE @ LAKE PLACID DR NE,33.909521999999996,-84.378654
526,906290,284,2018-04-01 12:50:00,2020-04-02 12:45:16,906290,ROSWELL RD NE @ LAKE PLACID DR NE,33.909521999999996,-84.378654
527,906290,-16,2018-04-01 14:45:00,2020-04-02 14:45:16,906290,ROSWELL RD NE @ LAKE PLACID DR NE,33.909521999999996,-84.378654
528,906290,-376,2018-04-01 06:59:00,2020-04-02 07:05:16,906290,ROSWELL RD NE @ LAKE PLACID DR NE,33.909521999999996,-84.378654
529,906290,-436,2018-04-01 08:58:00,2020-04-02 09:05:16,906290,ROSWELL RD NE @ LAKE PLACID DR NE,33.909521999999996,-84.378654
530,906290,-316,2018-04-01 11:00:00,2020-04-02 11:05:16,906290,ROSWELL RD NE @ LAKE PLACID DR NE,33.909521999999996,-84.378654
531,906290,-16,2018-04-01 15:05:00,2020-04-02 15:05:16,906290,ROSWELL RD NE @ LAKE PLACID DR NE,33.909521999999996,-84.378654
532,906290,104,2018-04-01 17:07:00,2020-04-02 17:05:16,906290,ROSWELL RD NE @ LAKE PLACID DR NE,33.909521999999996,-84.378654
533,906290,-16,2018-04-01 21:05:00,2020-04-02 21:05:16,906290,ROSWELL RD NE @ LAKE PLACID DR NE,33.909521999999996,-84.378654
534,906290,-316,2018-04-01 08:20:00,2020-04-02 08:25:16,906290,ROSWELL RD NE @ LAKE PLACID DR NE,33.909521999999996,-84.378654
535,906290,-316,2018-04-01 10:20:00,2020-04-02 10:25:16,906290,ROSWELL RD NE @ LAKE PLACID DR NE,33.909521999999996,-84.378654
536,906290,164,2018-04-01 12:28:00,2020-04-02 12:25:16,906290,ROSWELL RD NE @ LAKE PLACID DR NE,33.909521999999996,-84.378654
537,906290,-136,2018-04-01 14:23:00,2020-04-02 14:25:16,906290,ROSWELL RD NE @ LAKE PLACID DR NE,33.909521999999996,-84.378654
538,906290,104,2018-04-01 16:27:00,2020-04-02 16:25:16,906290,ROSWELL RD NE @ LAKE PLACID DR NE,33.909521999999996,-84.378654
539,906290,44,2018-04-01 18:26:00,2020-04-02 18:25:16,906290,ROSWELL RD NE @ LAKE PLACID DR NE,33.909521999999996,-84.378654
540,906290,268,2018-04-01 22:26:00,2020-04-02 22:21:32,906290,ROSWELL RD NE @ LAKE PLACID DR NE,33.909521999999996,-84.378654
541,906290,88,2018-04-02 00:03:00,2020-04-02 00:01:32,906290,ROSWELL RD NE @ LAKE PLACID DR NE,33.909521999999996,-84.378654
542,906290,-16,2018-04-01 07:45:00,2020-04-02 07:45:16,906290,ROSWELL RD NE @ LAKE PLACID DR NE,33.909521999999996,-84.378654
543,906290,-16,2018-04-01 09:45:00,2020-04-02 09:45:16,906290,ROSWELL RD NE @ LAKE PLACID DR NE,33.909521999999996,-84.378654
544,906290,-76,2018-04-01 13:44:00,2020-04-02 13:45:16,906290,ROSWELL RD NE @ LAKE PLACID DR NE,33.909521999999996,-84.378654
545,906290,-16,2018-04-01 15:45:00,2020-04-02 15:45:16,906290,ROSWELL RD NE @ LAKE PLACID DR NE,33.909521999999996,-84.378654
546,906290,-76,2018-04-01 17:44:00,2020-04-02 17:45:16,906290,ROSWELL RD NE @ LAKE PLACID DR NE,33.909521999999996,-84.378654
547,906290,-76,2018-04-01 19:44:00,2020-04-02 19:45:16,906290,ROSWELL RD NE @ LAKE PLACID DR NE,33.909521999999996,-84.378654
548,906290,88,2018-04-01 21:43:00,2020-04-02 21:41:32,906290,ROSWELL RD NE @ LAKE PLACID DR NE,33.909521999999996,-84.378654
549,906290,28,2018-04-02 01:02:00,2020-04-02 01:01:32,906290,ROSWELL RD NE @ LAKE PLACID DR NE,33.909521999999996,-84.378654
550,906290,-316,2018-04-01 07:20:00,2020-04-02 07:25:16,906290,ROSWELL RD NE @ LAKE PLACID DR NE,33.909521999999996,-84.378654
551,906290,-316,2018-04-01 07:20:00,2020-04-02 07:25:16,906290,ROSWELL RD NE @ LAKE PLACID DR NE,33.909521999999996,-84.378654
552,906290,-256,2018-04-01 09:21:00,2020-04-02 09:25:16,906290,ROSWELL RD NE @ LAKE PLACID DR NE,33.909521999999996,-84.378654
553,906290,-256,2018-04-01 11:21:00,2020-04-02 11:25:16,906290,ROSWELL RD NE @ LAKE PLACID DR NE,33.909521999999996,-84.378654
554,906290,-196,2018-04-01 13:22:00,2020-04-02 13:25:16,906290,ROSWELL RD NE @ LAKE PLACID DR NE,33.909521999999996,-84.378654
555,906290,704,2018-04-01 15:37:00,2020-04-02 15:25:16,906290,ROSWELL RD NE @ LAKE PLACID DR NE,33.909521999999996,-84.378654
556,901756,-284,2018-04-01 21:13:00,2020-04-02 21:17:44,901756,PIEDMONT RD NE @ SIDNEY MARCUS BLVD NE,33.825981,-84.367215
557,901756,102,2018-04-01 15:59:00,2020-04-02 15:57:18,901756,PIEDMONT RD NE @ SIDNEY MARCUS BLVD NE,33.825981,-84.367215
558,901756,-318,2018-04-01 11:32:00,2020-04-02 11:37:18,901756,PIEDMONT RD NE @ SIDNEY MARCUS BLVD NE,33.825981,-84.367215
559,901756,-318,2018-04-01 13:32:00,2020-04-02 13:37:18,901756,PIEDMONT RD NE @ SIDNEY MARCUS BLVD NE,33.825981,-84.367215
560,901756,-258,2018-04-01 15:33:00,2020-04-02 15:37:18,901756,PIEDMONT RD NE @ SIDNEY MARCUS BLVD NE,33.825981,-84.367215
561,901756,-78,2018-04-01 14:56:00,2020-04-02 14:57:18,901756,PIEDMONT RD NE @ SIDNEY MARCUS BLVD NE,33.825981,-84.367215
562,901756,222,2018-04-01 17:01:00,2020-04-02 16:57:18,901756,PIEDMONT RD NE @ SIDNEY MARCUS BLVD NE,33.825981,-84.367215
563,901756,436,2018-04-01 22:45:00,2020-04-02 22:37:44,901756,PIEDMONT RD NE @ SIDNEY MARCUS BLVD NE,33.825981,-84.367215
564,901756,-438,2018-04-01 12:30:00,2020-04-02 12:37:18,901756,PIEDMONT RD NE @ SIDNEY MARCUS BLVD NE,33.825981,-84.367215
565,901756,-378,2018-04-01 14:31:00,2020-04-02 14:37:18,901756,PIEDMONT RD NE @ SIDNEY MARCUS BLVD NE,33.825981,-84.367215
566,902704,135,2018-04-01 22:25:00,2020-04-02 22:22:45,902704,HAMMOND DR @ PEACHTREE DUNWOODY RD,33.918960999999996,-84.351952
567,902704,-120,2018-04-01 05:36:00,2020-04-02 05:38:00,902704,HAMMOND DR @ PEACHTREE DUNWOODY RD,33.918960999999996,-84.351952
568,902704,1440,2018-04-01 13:22:00,2020-04-02 12:58:00,902704,HAMMOND DR @ PEACHTREE DUNWOODY RD,33.918960999999996,-84.351952
569,902704,120,2018-04-01 15:20:00,2020-04-02 15:18:00,902704,HAMMOND DR @ PEACHTREE DUNWOODY RD,33.918960999999996,-84.351952
570,902704,1200,2018-04-01 07:38:00,2020-04-02 07:18:00,902704,HAMMOND DR @ PEACHTREE DUNWOODY RD,33.918960999999996,-84.351952
571,902704,0,2018-04-01 11:38:00,2020-04-02 11:38:00,902704,HAMMOND DR @ PEACHTREE DUNWOODY RD,33.918960999999996,-84.351952
572,902704,0,2018-04-01 15:38:00,2020-04-02 15:38:00,902704,HAMMOND DR @ PEACHTREE DUNWOODY RD,33.918960999999996,-84.351952
573,902704,300,2018-04-01 07:03:00,2020-04-02 06:58:00,902704,HAMMOND DR @ PEACHTREE DUNWOODY RD,33.918960999999996,-84.351952
574,902704,0,2018-04-01 10:58:00,2020-04-02 10:58:00,902704,HAMMOND DR @ PEACHTREE DUNWOODY RD,33.918960999999996,-84.351952
575,902704,0,2018-04-01 14:58:00,2020-04-02 14:58:00,902704,HAMMOND DR @ PEACHTREE DUNWOODY RD,33.918960999999996,-84.351952
576,902704,180,2018-04-01 08:01:00,2020-04-02 07:58:00,902704,HAMMOND DR @ PEACHTREE DUNWOODY RD,33.918960999999996,-84.351952
577,900481,-8,2018-04-01 22:52:00,2020-04-02 22:52:08,900481,PIEDMONT RD NE @ E PACES FERRY RD NE,33.839531,-84.369377
578,900481,326,2018-04-01 15:56:00,2020-04-02 15:50:34,900481,PIEDMONT RD NE @ E PACES FERRY RD NE,33.839531,-84.369377
579,900481,1106,2018-04-01 08:09:00,2020-04-02 07:50:34,900481,PIEDMONT RD NE @ E PACES FERRY RD NE,33.839531,-84.369377
580,900481,86,2018-04-01 18:12:00,2020-04-02 18:10:34,900481,PIEDMONT RD NE @ E PACES FERRY RD NE,33.839531,-84.369377
581,900481,-94,2018-04-01 11:29:00,2020-04-02 11:30:34,900481,PIEDMONT RD NE @ E PACES FERRY RD NE,33.839531,-84.369377
582,900481,232,2018-04-01 21:36:00,2020-04-02 21:32:08,900481,PIEDMONT RD NE @ E PACES FERRY RD NE,33.839531,-84.369377
583,900481,86,2018-04-01 10:52:00,2020-04-02 10:50:34,900481,PIEDMONT RD NE @ E PACES FERRY RD NE,33.839531,-84.369377
584,900481,232,2018-04-01 20:56:00,2020-04-02 20:52:08,900481,PIEDMONT RD NE @ E PACES FERRY RD NE,33.839531,-84.369377
585,900481,-154,2018-04-01 10:28:00,2020-04-02 10:30:34,900481,PIEDMONT RD NE @ E PACES FERRY RD NE,33.839531,-84.369377
586,900481,-154,2018-04-01 14:28:00,2020-04-02 14:30:34,900481,PIEDMONT RD NE @ E PACES FERRY RD NE,33.839531,-84.369377
587,902747,-386,2018-04-01 05:45:00,2020-04-02 05:51:26,902747,ROSWELL RD NE@GLENRIDGE DR NE,33.901628,-84.37916
588,902747,94,2018-04-01 07:13:00,2020-04-02 07:11:26,902747,ROSWELL RD NE@GLENRIDGE DR NE,33.901628,-84.37916
589,902747,154,2018-04-01 06:14:00,2020-04-02 06:11:26,902747,ROSWELL RD NE@GLENRIDGE DR NE,33.901628,-84.37916
590,905744,-354,2018-04-01 05:46:00,2020-04-02 05:51:54,905744,ROSWELL RD NE @ MARYEANNA DR,33.900208,-84.380478
591,905744,126,2018-04-01 15:34:00,2020-04-02 15:31:54,905744,ROSWELL RD NE @ MARYEANNA DR,33.900208,-84.380478
592,905744,1266,2018-04-01 07:53:00,2020-04-02 07:31:54,905744,ROSWELL RD NE @ MARYEANNA DR,33.900208,-84.380478
593,905744,186,2018-04-01 19:55:00,2020-04-02 19:51:54,905744,ROSWELL RD NE @ MARYEANNA DR,33.900208,-84.380478
594,905744,126,2018-04-01 07:14:00,2020-04-02 07:11:54,905744,ROSWELL RD NE @ MARYEANNA DR,33.900208,-84.380478
595,905744,-54,2018-04-01 13:11:00,2020-04-02 13:11:54,905744,ROSWELL RD NE @ MARYEANNA DR,33.900208,-84.380478
596,905744,154,2018-04-01 22:58:00,2020-04-02 22:55:26,905744,ROSWELL RD NE @ MARYEANNA DR,33.900208,-84.380478
597,905744,126,2018-04-01 14:34:00,2020-04-02 14:31:54,905744,ROSWELL RD NE @ MARYEANNA DR,33.900208,-84.380478
598,905744,366,2018-04-01 16:38:00,2020-04-02 16:31:54,905744,ROSWELL RD NE @ MARYEANNA DR,33.900208,-84.380478
599,905744,634,2018-04-01 22:26:00,2020-04-02 22:15:26,905744,ROSWELL RD NE @ MARYEANNA DR,33.900208,-84.380478
600,905744,6,2018-04-01 08:12:00,2020-04-02 08:11:54,905744,ROSWELL RD NE @ MARYEANNA DR,33.900208,-84.380478
601,905744,-114,2018-04-01 12:10:00,2020-04-02 12:11:54,905744,ROSWELL RD NE @ MARYEANNA DR,33.900208,-84.380478
602,905744,66,2018-04-01 14:13:00,2020-04-02 14:11:54,905744,ROSWELL RD NE @ MARYEANNA DR,33.900208,-84.380478
603,905762,-497,2018-04-01 05:53:00,2020-04-02 06:01:17,905762,ROSWELL RD NE @ LAKEMOORE DR,33.864746000000004,-84.38075699999999
604,905762,-317,2018-04-01 11:16:00,2020-04-02 11:21:17,905762,ROSWELL RD NE @ LAKEMOORE DR,33.864746000000004,-84.38075699999999
605,901702,105,2018-04-01 08:25:00,2020-04-02 08:23:15,901702,PIEDMONT RD NE @ PEACHTREE DR NE,33.837499,-84.368222
606,901702,-255,2018-04-01 06:39:00,2020-04-02 06:43:15,901702,PIEDMONT RD NE @ PEACHTREE DR NE,33.837499,-84.368222
607,901702,-255,2018-04-01 08:39:00,2020-04-02 08:43:15,901702,PIEDMONT RD NE @ PEACHTREE DR NE,33.837499,-84.368222
608,901702,-135,2018-04-01 16:41:00,2020-04-02 16:43:15,901702,PIEDMONT RD NE @ PEACHTREE DR NE,33.837499,-84.368222
609,901702,-135,2018-04-01 08:01:00,2020-04-02 08:03:15,901702,PIEDMONT RD NE @ PEACHTREE DR NE,33.837499,-84.368222
610,901702,-135,2018-04-01 18:01:00,2020-04-02 18:03:15,901702,PIEDMONT RD NE @ PEACHTREE DR NE,33.837499,-84.368222
611,901702,-51,2018-04-01 22:01:00,2020-04-02 22:01:51,901702,PIEDMONT RD NE @ PEACHTREE DR NE,33.837499,-84.368222
612,901702,-15,2018-04-01 07:23:00,2020-04-02 07:23:15,901702,PIEDMONT RD NE @ PEACHTREE DR NE,33.837499,-84.368222
613,901702,-75,2018-04-01 13:22:00,2020-04-02 13:23:15,901702,PIEDMONT RD NE @ PEACHTREE DR NE,33.837499,-84.368222
614,901702,309,2018-04-01 21:27:00,2020-04-02 21:21:51,901702,PIEDMONT RD NE @ PEACHTREE DR NE,33.837499,-84.368222
615,901702,309,2018-04-02 00:47:00,2020-04-02 00:41:51,901702,PIEDMONT RD NE @ PEACHTREE DR NE,33.837499,-84.368222
616,901702,-195,2018-04-01 07:00:00,2020-04-02 07:03:15,901702,PIEDMONT RD NE @ PEACHTREE DR NE,33.837499,-84.368222
617,901702,-135,2018-04-01 09:01:00,2020-04-02 09:03:15,901702,PIEDMONT RD NE @ PEACHTREE DR NE,33.837499,-84.368222
618,901702,105,2018-04-01 11:05:00,2020-04-02 11:03:15,901702,PIEDMONT RD NE @ PEACHTREE DR NE,33.837499,-84.368222
619,906293,13,2018-04-01 08:47:00,2020-04-02 08:46:47,906293,ROSWELL RD NE @ CARPENTER DR NE,33.915285,-84.379235
620,906293,-107,2018-04-01 09:05:00,2020-04-02 09:06:47,906293,ROSWELL RD NE @ CARPENTER DR NE,33.915285,-84.379235
621,906293,133,2018-04-01 17:09:00,2020-04-02 17:06:47,906293,ROSWELL RD NE @ CARPENTER DR NE,33.915285,-84.379235
622,906293,133,2018-04-01 21:09:00,2020-04-02 21:06:47,906293,ROSWELL RD NE @ CARPENTER DR NE,33.915285,-84.379235
623,906293,306,2018-04-01 22:28:00,2020-04-02 22:22:54,906293,ROSWELL RD NE @ CARPENTER DR NE,33.915285,-84.379235
624,906293,13,2018-04-01 13:47:00,2020-04-02 13:46:47,906293,ROSWELL RD NE @ CARPENTER DR NE,33.915285,-84.379235
625,906293,66,2018-04-01 23:24:00,2020-04-02 23:22:54,906293,ROSWELL RD NE @ CARPENTER DR NE,33.915285,-84.379235
626,906293,-287,2018-04-01 07:22:00,2020-04-02 07:26:47,906293,ROSWELL RD NE @ CARPENTER DR NE,33.915285,-84.379235
627,906293,-47,2018-04-01 13:26:00,2020-04-02 13:26:47,906293,ROSWELL RD NE @ CARPENTER DR NE,33.915285,-84.379235
628,906293,733,2018-04-01 15:39:00,2020-04-02 15:26:47,906293,ROSWELL RD NE @ CARPENTER DR NE,33.915285,-84.379235
629,906294,-14,2018-04-01 08:49:00,2020-04-02 08:49:14,906294,ROSWELL RD NE @ HILDERBRAND DR NE,33.922714,-84.379102
630,906294,106,2018-04-01 17:11:00,2020-04-02 17:09:14,906294,ROSWELL RD NE @ HILDERBRAND DR NE,33.922714,-84.379102
631,906294,113,2018-04-01 21:11:00,2020-04-02 21:09:07,906294,ROSWELL RD NE @ HILDERBRAND DR NE,33.922714,-84.379102
632,906294,113,2018-04-02 00:07:00,2020-04-02 00:05:07,906294,ROSWELL RD NE @ HILDERBRAND DR NE,33.922714,-84.379102
633,906294,46,2018-04-01 07:50:00,2020-04-02 07:49:14,906294,ROSWELL RD NE @ HILDERBRAND DR NE,33.922714,-84.379102
634,906294,113,2018-04-01 23:27:00,2020-04-02 23:25:07,906294,ROSWELL RD NE @ HILDERBRAND DR NE,33.922714,-84.379102
635,906294,706,2018-04-01 15:41:00,2020-04-02 15:29:14,906294,ROSWELL RD NE @ HILDERBRAND DR NE,33.922714,-84.379102
636,906102,357,2018-04-01 12:48:00,2020-04-02 12:42:03,906102,ROSWELL RD NE@BEACHLAND DR NE,33.89771,-84.38141999999999
637,906306,313,2018-04-01 12:50:00,2020-04-02 12:44:47,906306,ROSWELL RD NE @ 5555,33.907636,-84.37867299999999
638,906306,13,2018-04-01 14:45:00,2020-04-02 14:44:47,906306,ROSWELL RD NE @ 5555,33.907636,-84.37867299999999
639,906306,73,2018-04-01 17:06:00,2020-04-02 17:04:47,906306,ROSWELL RD NE @ 5555,33.907636,-84.37867299999999
640,906306,-47,2018-04-01 19:04:00,2020-04-02 19:04:47,906306,ROSWELL RD NE @ 5555,33.907636,-84.37867299999999
641,906306,13,2018-04-01 21:05:00,2020-04-02 21:04:47,906306,ROSWELL RD NE @ 5555,33.907636,-84.37867299999999
642,906306,133,2018-04-01 12:27:00,2020-04-02 12:24:47,906306,ROSWELL RD NE @ 5555,33.907636,-84.37867299999999
643,906306,13,2018-04-01 18:25:00,2020-04-02 18:24:47,906306,ROSWELL RD NE @ 5555,33.907636,-84.37867299999999
644,906306,294,2018-04-01 22:26:00,2020-04-02 22:21:06,906306,ROSWELL RD NE @ 5555,33.907636,-84.37867299999999
645,906306,-47,2018-04-01 07:44:00,2020-04-02 07:44:47,906306,ROSWELL RD NE @ 5555,33.907636,-84.37867299999999
646,906306,13,2018-04-01 11:45:00,2020-04-02 11:44:47,906306,ROSWELL RD NE @ 5555,33.907636,-84.37867299999999
647,906306,-47,2018-04-01 13:44:00,2020-04-02 13:44:47,906306,ROSWELL RD NE @ 5555,33.907636,-84.37867299999999
648,906306,13,2018-04-01 15:45:00,2020-04-02 15:44:47,906306,ROSWELL RD NE @ 5555,33.907636,-84.37867299999999
649,906306,-107,2018-04-01 17:43:00,2020-04-02 17:44:47,906306,ROSWELL RD NE @ 5555,33.907636,-84.37867299999999
650,906306,-47,2018-04-01 19:44:00,2020-04-02 19:44:47,906306,ROSWELL RD NE @ 5555,33.907636,-84.37867299999999
651,906306,54,2018-04-01 21:42:00,2020-04-02 21:41:06,906306,ROSWELL RD NE @ 5555,33.907636,-84.37867299999999
652,906306,54,2018-04-01 23:22:00,2020-04-02 23:21:06,906306,ROSWELL RD NE @ 5555,33.907636,-84.37867299999999
653,906306,-227,2018-04-01 11:21:00,2020-04-02 11:24:47,906306,ROSWELL RD NE @ 5555,33.907636,-84.37867299999999
654,906306,733,2018-04-01 15:37:00,2020-04-02 15:24:47,906306,ROSWELL RD NE @ 5555,33.907636,-84.37867299999999
655,906308,360,2018-04-01 12:54:00,2020-04-02 12:48:00,906308,ROSWELL RD NE@HAMMOND DR NE,33.918831,-84.378862
656,906308,0,2018-04-01 07:08:00,2020-04-02 07:08:00,906308,ROSWELL RD NE@HAMMOND DR NE,33.918831,-84.378862
657,906308,-60,2018-04-01 11:07:00,2020-04-02 11:08:00,906308,ROSWELL RD NE@HAMMOND DR NE,33.918831,-84.378862
658,906308,60,2018-04-01 15:09:00,2020-04-02 15:08:00,906308,ROSWELL RD NE@HAMMOND DR NE,33.918831,-84.378862
659,906308,120,2018-04-01 17:10:00,2020-04-02 17:08:00,906308,ROSWELL RD NE@HAMMOND DR NE,33.918831,-84.378862
660,906308,0,2018-04-01 19:08:00,2020-04-02 19:08:00,906308,ROSWELL RD NE@HAMMOND DR NE,33.918831,-84.378862
661,906308,120,2018-04-01 21:10:00,2020-04-02 21:08:00,906308,ROSWELL RD NE@HAMMOND DR NE,33.918831,-84.378862
662,906308,0,2018-04-01 14:28:00,2020-04-02 14:28:00,906308,ROSWELL RD NE@HAMMOND DR NE,33.918831,-84.378862
663,906308,120,2018-04-01 18:30:00,2020-04-02 18:28:00,906308,ROSWELL RD NE@HAMMOND DR NE,33.918831,-84.378862
664,906308,60,2018-04-01 20:29:00,2020-04-02 20:28:00,906308,ROSWELL RD NE@HAMMOND DR NE,33.918831,-84.378862
665,906308,360,2018-04-01 22:30:00,2020-04-02 22:24:00,906308,ROSWELL RD NE@HAMMOND DR NE,33.918831,-84.378862
666,906308,0,2018-04-01 09:48:00,2020-04-02 09:48:00,906308,ROSWELL RD NE@HAMMOND DR NE,33.918831,-84.378862
667,906308,60,2018-04-01 11:49:00,2020-04-02 11:48:00,906308,ROSWELL RD NE@HAMMOND DR NE,33.918831,-84.378862
668,906308,60,2018-04-01 13:49:00,2020-04-02 13:48:00,906308,ROSWELL RD NE@HAMMOND DR NE,33.918831,-84.378862
669,906308,0,2018-04-01 17:48:00,2020-04-02 17:48:00,906308,ROSWELL RD NE@HAMMOND DR NE,33.918831,-84.378862
670,906308,-60,2018-04-01 07:27:00,2020-04-02 07:28:00,906308,ROSWELL RD NE@HAMMOND DR NE,33.918831,-84.378862
671,906308,-60,2018-04-01 13:27:00,2020-04-02 13:28:00,906308,ROSWELL RD NE@HAMMOND DR NE,33.918831,-84.378862
672,902816,258,2018-04-01 13:01:00,2020-04-02 12:56:42,902816,HAMMOND DR NE @ 1005,33.9189,-84.354671
673,905869,1442,2018-04-01 13:38:00,2020-04-02 13:13:58,905869,ROSWELL RD NE@HARDEMAN RD,33.8924,-84.38119
674,905869,362,2018-04-01 16:40:00,2020-04-02 16:33:58,905869,ROSWELL RD NE@HARDEMAN RD,33.8924,-84.38119
675,905863,1482,2018-04-01 13:40:00,2020-04-02 13:15:18,905863,ROSWELL RD NE @ LONG ISLAND DR NE,33.887263,-84.381677
676,905863,102,2018-04-01 15:37:00,2020-04-02 15:35:18,905863,ROSWELL RD NE @ LONG ISLAND DR NE,33.887263,-84.381677
677,905863,1182,2018-04-01 07:55:00,2020-04-02 07:35:18,905863,ROSWELL RD NE @ LONG ISLAND DR NE,33.887263,-84.381677
678,905863,-18,2018-04-01 11:55:00,2020-04-02 11:55:18,905863,ROSWELL RD NE @ LONG ISLAND DR NE,33.887263,-84.381677
679,905863,102,2018-04-01 19:57:00,2020-04-02 19:55:18,905863,ROSWELL RD NE @ LONG ISLAND DR NE,33.887263,-84.381677
680,905863,42,2018-04-01 07:16:00,2020-04-02 07:15:18,905863,ROSWELL RD NE @ LONG ISLAND DR NE,33.887263,-84.381677
681,905863,-78,2018-04-01 13:14:00,2020-04-02 13:15:18,905863,ROSWELL RD NE @ LONG ISLAND DR NE,33.887263,-84.381677
682,905863,-198,2018-04-01 15:12:00,2020-04-02 15:15:18,905863,ROSWELL RD NE @ LONG ISLAND DR NE,33.887263,-84.381677
683,905863,-18,2018-04-01 19:15:00,2020-04-02 19:15:18,905863,ROSWELL RD NE @ LONG ISLAND DR NE,33.887263,-84.381677
684,905863,-18,2018-04-01 06:35:00,2020-04-02 06:35:18,905863,ROSWELL RD NE @ LONG ISLAND DR NE,33.887263,-84.381677
685,905863,342,2018-04-01 16:41:00,2020-04-02 16:35:18,905863,ROSWELL RD NE @ LONG ISLAND DR NE,33.887263,-84.381677
686,905863,-18,2018-04-01 08:15:00,2020-04-02 08:15:18,905863,ROSWELL RD NE @ LONG ISLAND DR NE,33.887263,-84.381677
687,905863,-138,2018-04-01 10:13:00,2020-04-02 10:15:18,905863,ROSWELL RD NE @ LONG ISLAND DR NE,33.887263,-84.381677
688,905863,-198,2018-04-01 12:12:00,2020-04-02 12:15:18,905863,ROSWELL RD NE @ LONG ISLAND DR NE,33.887263,-84.381677
689,906001,1432,2018-04-01 13:47:00,2020-04-02 13:23:08,906001,ROSWELL RD NE @ IVY PKWY NE,33.857882000000004,-84.38148100000001
690,906001,112,2018-04-01 15:45:00,2020-04-02 15:43:08,906001,ROSWELL RD NE @ IVY PKWY NE,33.857882000000004,-84.38148100000001
691,906001,1132,2018-04-01 08:02:00,2020-04-02 07:43:08,906001,ROSWELL RD NE @ IVY PKWY NE,33.857882000000004,-84.38148100000001
692,906001,-308,2018-04-01 09:58:00,2020-04-02 10:03:08,906001,ROSWELL RD NE @ IVY PKWY NE,33.857882000000004,-84.38148100000001
693,906001,-8,2018-04-01 18:03:00,2020-04-02 18:03:08,906001,ROSWELL RD NE @ IVY PKWY NE,33.857882000000004,-84.38148100000001
694,906001,112,2018-04-01 12:45:00,2020-04-02 12:43:08,906001,ROSWELL RD NE @ IVY PKWY NE,33.857882000000004,-84.38148100000001
695,906001,-8,2018-04-01 14:43:00,2020-04-02 14:43:08,906001,ROSWELL RD NE @ IVY PKWY NE,33.857882000000004,-84.38148100000001
696,906001,232,2018-04-01 16:47:00,2020-04-02 16:43:08,906001,ROSWELL RD NE @ IVY PKWY NE,33.857882000000004,-84.38148100000001
697,906001,-68,2018-04-01 20:44:00,2020-04-02 20:45:08,906001,ROSWELL RD NE @ IVY PKWY NE,33.857882000000004,-84.38148100000001
698,906001,-128,2018-04-01 06:21:00,2020-04-02 06:23:08,906001,ROSWELL RD NE @ IVY PKWY NE,33.857882000000004,-84.38148100000001
699,900479,-80,2018-04-01 14:20:00,2020-04-02 14:21:20,900479,PIEDMONT RD NE @ ELLIOTT CIR NE,33.833553,-84.367959
700,901703,-114,2018-04-01 14:22:00,2020-04-02 14:23:54,901703,PIEDMONT RD NE @ E PACES FERRY RD NE,33.838752,-84.368854
701,901703,-294,2018-04-01 06:39:00,2020-04-02 06:43:54,901703,PIEDMONT RD NE @ E PACES FERRY RD NE,33.838752,-84.368854
702,901703,-174,2018-04-01 12:41:00,2020-04-02 12:43:54,901703,PIEDMONT RD NE @ E PACES FERRY RD NE,33.838752,-84.368854
703,901703,-174,2018-04-01 08:01:00,2020-04-02 08:03:54,901703,PIEDMONT RD NE @ E PACES FERRY RD NE,33.838752,-84.368854
704,901703,-234,2018-04-01 10:00:00,2020-04-02 10:03:54,901703,PIEDMONT RD NE @ E PACES FERRY RD NE,33.838752,-84.368854
705,901703,-114,2018-04-01 16:02:00,2020-04-02 16:03:54,901703,PIEDMONT RD NE @ E PACES FERRY RD NE,33.838752,-84.368854
706,901703,-54,2018-04-01 07:23:00,2020-04-02 07:23:54,901703,PIEDMONT RD NE @ E PACES FERRY RD NE,33.838752,-84.368854
707,901703,-54,2018-04-01 13:23:00,2020-04-02 13:23:54,901703,PIEDMONT RD NE @ E PACES FERRY RD NE,33.838752,-84.368854
708,901703,126,2018-04-01 15:26:00,2020-04-02 15:23:54,901703,PIEDMONT RD NE @ E PACES FERRY RD NE,33.838752,-84.368854
709,901703,-174,2018-04-01 07:01:00,2020-04-02 07:03:54,901703,PIEDMONT RD NE @ E PACES FERRY RD NE,33.838752,-84.368854
710,901703,-54,2018-04-01 13:03:00,2020-04-02 13:03:54,901703,PIEDMONT RD NE @ E PACES FERRY RD NE,33.838752,-84.368854
711,905578,52,2018-04-01 14:37:00,2020-04-02 14:36:08,905578,ROSWELL RD NE @ WIEUCA RD NE,33.875271000000005,-84.380612
712,905578,-8,2018-04-01 18:16:00,2020-04-02 18:16:08,905578,ROSWELL RD NE @ WIEUCA RD NE,33.875271000000005,-84.380612
713,905578,52,2018-04-01 13:37:00,2020-04-02 13:36:08,905578,ROSWELL RD NE @ WIEUCA RD NE,33.875271000000005,-84.380612
714,905578,-68,2018-04-01 11:15:00,2020-04-02 11:16:08,905578,ROSWELL RD NE @ WIEUCA RD NE,33.875271000000005,-84.380612
715,905578,-68,2018-04-01 13:15:00,2020-04-02 13:16:08,905578,ROSWELL RD NE @ WIEUCA RD NE,33.875271000000005,-84.380612
716,905578,532,2018-04-01 15:25:00,2020-04-02 15:16:08,905578,ROSWELL RD NE @ WIEUCA RD NE,33.875271000000005,-84.380612
717,905627,109,2018-04-01 14:39:00,2020-04-02 14:37:11,905627,ROSWELL RD NE @ WINDSOR PKWY NE,33.879245000000004,-84.379733
718,905627,-311,2018-04-01 08:52:00,2020-04-02 08:57:11,905627,ROSWELL RD NE @ WINDSOR PKWY NE,33.879245000000004,-84.379733
719,905627,-191,2018-04-01 10:54:00,2020-04-02 10:57:11,905627,ROSWELL RD NE @ WINDSOR PKWY NE,33.879245000000004,-84.379733
720,905627,109,2018-04-01 16:59:00,2020-04-02 16:57:11,905627,ROSWELL RD NE @ WINDSOR PKWY NE,33.879245000000004,-84.379733
721,905627,-131,2018-04-01 08:15:00,2020-04-02 08:17:11,905627,ROSWELL RD NE @ WINDSOR PKWY NE,33.879245000000004,-84.379733
722,905627,288,2018-04-01 22:19:00,2020-04-02 22:14:12,905627,ROSWELL RD NE @ WINDSOR PKWY NE,33.879245000000004,-84.379733
723,905627,109,2018-04-01 13:39:00,2020-04-02 13:37:11,905627,ROSWELL RD NE @ WINDSOR PKWY NE,33.879245000000004,-84.379733
724,905627,-71,2018-04-01 11:16:00,2020-04-02 11:17:11,905627,ROSWELL RD NE @ WINDSOR PKWY NE,33.879245000000004,-84.379733
725,905627,589,2018-04-01 15:27:00,2020-04-02 15:17:11,905627,ROSWELL RD NE @ WINDSOR PKWY NE,33.879245000000004,-84.379733
726,903199,69,2018-04-01 15:22:00,2020-04-02 15:20:51,903199,HAMMOND DR@GLENRIDGE DR,33.919057,-84.363941
727,903199,9,2018-04-01 15:41:00,2020-04-02 15:40:51,903199,HAMMOND DR@GLENRIDGE DR,33.919057,-84.363941
728,905815,115,2018-04-01 15:38:00,2020-04-02 15:36:05,905815,ROSWELL RD NE@MYSTIC DR,33.884418,-84.380749
729,905815,586,2018-04-01 22:29:00,2020-04-02 22:19:14,905815,ROSWELL RD NE@MYSTIC DR,33.884418,-84.380749
730,905644,131,2018-04-01 15:42:00,2020-04-02 15:39:49,905644,ROSWELL RD NE @ RICKENBACKER DR NE,33.870358,-84.381109
731,905644,-289,2018-04-01 15:15:00,2020-04-02 15:19:49,905644,ROSWELL RD NE @ RICKENBACKER DR NE,33.870358,-84.381109
732,905644,565,2018-04-01 22:32:00,2020-04-02 22:22:35,905644,ROSWELL RD NE @ RICKENBACKER DR NE,33.870358,-84.381109
733,906000,-268,2018-04-01 06:47:00,2020-04-02 06:51:28,906000,ROSWELL RD NE @ IVY PKWY NE,33.857521000000006,-84.381584
734,906000,92,2018-04-01 16:53:00,2020-04-02 16:51:28,906000,ROSWELL RD NE @ IVY PKWY NE,33.857521000000006,-84.381584
735,906000,152,2018-04-01 16:14:00,2020-04-02 16:11:28,906000,ROSWELL RD NE @ IVY PKWY NE,33.857521000000006,-84.381584
736,906000,212,2018-04-01 15:35:00,2020-04-02 15:31:28,906000,ROSWELL RD NE @ IVY PKWY NE,33.857521000000006,-84.381584
737,906000,152,2018-04-01 19:34:00,2020-04-02 19:31:28,906000,ROSWELL RD NE @ IVY PKWY NE,33.857521000000006,-84.381584
738,903184,-110,2018-04-01 07:11:00,2020-04-02 07:12:50,903184,JOHNSON FERRY RD NE@GLENRIDGE DR NE,33.92218,-84.367583
739,902868,1200,2018-04-01 07:40:00,2020-04-02 07:20:00,902868,HAMMOND DR NE @ BARFIELD RD NE,33.919113,-84.360336
740,902868,0,2018-04-01 15:40:00,2020-04-02 15:40:00,902868,HAMMOND DR NE @ BARFIELD RD NE,33.919113,-84.360336
741,902868,-60,2018-04-01 17:39:00,2020-04-02 17:40:00,902868,HAMMOND DR NE @ BARFIELD RD NE,33.919113,-84.360336
742,902868,0,2018-04-01 19:40:00,2020-04-02 19:40:00,902868,HAMMOND DR NE @ BARFIELD RD NE,33.919113,-84.360336
743,902868,240,2018-04-01 07:04:00,2020-04-02 07:00:00,902868,HAMMOND DR NE @ BARFIELD RD NE,33.919113,-84.360336
744,902868,85,2018-04-01 22:46:00,2020-04-02 22:44:35,902868,HAMMOND DR NE @ BARFIELD RD NE,33.919113,-84.360336
745,902868,60,2018-04-01 10:21:00,2020-04-02 10:20:00,902868,HAMMOND DR NE @ BARFIELD RD NE,33.919113,-84.360336
746,902868,120,2018-04-01 08:02:00,2020-04-02 08:00:00,902868,HAMMOND DR NE @ BARFIELD RD NE,33.919113,-84.360336
747,905409,1228,2018-04-01 08:07:00,2020-04-02 07:46:32,905409,PIEDMONT RD NE @ CARSON LN NE,33.848452,-84.37418199999999
748,905409,148,2018-04-01 10:49:00,2020-04-02 10:46:32,905409,PIEDMONT RD NE @ CARSON LN NE,33.848452,-84.37418199999999
749,900480,-269,2018-04-01 08:38:00,2020-04-02 08:42:29,900480,PIEDMONT RD NE @ BURKE RD NE,33.835906,-84.36792700000001
750,900480,-149,2018-04-01 08:00:00,2020-04-02 08:02:29,900480,PIEDMONT RD NE @ BURKE RD NE,33.835906,-84.36792700000001
751,900480,-72,2018-04-02 01:20:00,2020-04-02 01:21:12,900480,PIEDMONT RD NE @ BURKE RD NE,33.835906,-84.36792700000001
752,900480,-29,2018-04-01 07:22:00,2020-04-02 07:22:29,900480,PIEDMONT RD NE @ BURKE RD NE,33.835906,-84.36792700000001
753,900480,-89,2018-04-01 13:21:00,2020-04-02 13:22:29,900480,PIEDMONT RD NE @ BURKE RD NE,33.835906,-84.36792700000001
754,900480,348,2018-04-01 21:27:00,2020-04-02 21:21:12,900480,PIEDMONT RD NE @ BURKE RD NE,33.835906,-84.36792700000001
755,906292,-87,2018-04-01 09:05:00,2020-04-02 09:06:27,906292,ROSWELL RD NE @ ALLEN RD NE,33.914017,-84.379242
756,906292,-87,2018-04-01 13:05:00,2020-04-02 13:06:27,906292,ROSWELL RD NE @ ALLEN RD NE,33.914017,-84.379242
757,906292,33,2018-04-01 15:07:00,2020-04-02 15:06:27,906292,ROSWELL RD NE @ ALLEN RD NE,33.914017,-84.379242
758,906292,93,2018-04-01 16:28:00,2020-04-02 16:26:27,906292,ROSWELL RD NE @ ALLEN RD NE,33.914017,-84.379242
759,906292,144,2018-04-02 00:05:00,2020-04-02 00:02:36,906292,ROSWELL RD NE @ ALLEN RD NE,33.914017,-84.379242
760,906292,33,2018-04-01 09:47:00,2020-04-02 09:46:27,906292,ROSWELL RD NE @ ALLEN RD NE,33.914017,-84.379242
761,906292,-27,2018-04-01 13:46:00,2020-04-02 13:46:27,906292,ROSWELL RD NE @ ALLEN RD NE,33.914017,-84.379242
762,906292,-27,2018-04-01 17:46:00,2020-04-02 17:46:27,906292,ROSWELL RD NE @ ALLEN RD NE,33.914017,-84.379242
763,906292,-27,2018-04-01 19:46:00,2020-04-02 19:46:27,906292,ROSWELL RD NE @ ALLEN RD NE,33.914017,-84.379242
764,906363,-119,2018-04-01 09:10:00,2020-04-02 09:11:59,906363,JOHNSON FERRY RD@KAYRON DR,33.923038,-84.370644
765,906335,-369,2018-04-01 10:58:00,2020-04-02 11:04:09,906335,ROSWELL RD NE @ 5491,33.905167,-84.378537
766,903010,-71,2018-04-01 13:14:00,2020-04-02 13:15:11,903010,HAMMOND DR NE @ BARFIELD RD,33.918943,-84.360434
767,903010,49,2018-04-01 12:36:00,2020-04-02 12:35:11,903010,HAMMOND DR NE @ BARFIELD RD,33.918943,-84.360434
768,903010,26,2018-04-01 23:31:00,2020-04-02 23:30:34,903010,HAMMOND DR NE @ BARFIELD RD,33.918943,-84.360434
769,905814,-17,2018-04-01 15:53:00,2020-04-02 15:53:17,905814,ROSWELL RD NE @ OSNER DR NE,33.895022,-84.381388
770,905814,-17,2018-04-01 10:33:00,2020-04-02 10:33:17,905814,ROSWELL RD NE @ OSNER DR NE,33.895022,-84.381388
771,905814,343,2018-04-01 16:39:00,2020-04-02 16:33:17,905814,ROSWELL RD NE @ OSNER DR NE,33.895022,-84.381388
772,901755,-78,2018-04-01 16:15:00,2020-04-02 16:16:18,901755,PIEDMONT RD NE @ MIAMI CIR NE,33.828013,-84.367303
773,905529,71,2018-04-01 16:56:00,2020-04-02 16:54:49,905529,ROSWELL RD NE @ RICKENBACKER DR NE,33.870188,-84.380989
774,905529,71,2018-04-01 16:16:00,2020-04-02 16:14:49,905529,ROSWELL RD NE @ RICKENBACKER DR NE,33.870188,-84.380989
775,905529,117,2018-04-01 22:14:00,2020-04-02 22:12:03,905529,ROSWELL RD NE @ RICKENBACKER DR NE,33.870188,-84.380989
776,905579,79,2018-04-01 16:58:00,2020-04-02 16:56:41,905579,ROSWELL RD NE @ DILBECK PL NW,33.877285,-84.379764
777,905579,79,2018-04-01 13:38:00,2020-04-02 13:36:41,905579,ROSWELL RD NE @ DILBECK PL NW,33.877285,-84.379764
778,905579,135,2018-04-01 23:16:00,2020-04-02 23:13:45,905579,ROSWELL RD NE @ DILBECK PL NW,33.877285,-84.379764
779,902696,53,2018-04-01 17:52:00,2020-04-02 17:51:07,902696,ROSWELL RD NE @ GLENRIDGE DR NE,33.902783,-84.378606
780,900483,-16,2018-04-01 18:13:00,2020-04-02 18:13:16,900483,PIEDMONT RD NE @ N HILLS DR NE,33.834196999999996,-84.36804599999999
781,905411,-53,2018-04-01 20:52:00,2020-04-02 20:52:53,905411,ROSWELL RD NE @ LAND O LAKES DR NE,33.862831,-84.380189
782,905760,-193,2018-04-01 07:22:00,2020-04-02 07:25:13,905760,PIEDMONT RD NE @ 3558,33.851152,-84.37937600000001
783,905760,-313,2018-04-01 15:20:00,2020-04-02 15:25:13,905760,PIEDMONT RD NE @ 3558,33.851152,-84.37937600000001
784,905760,47,2018-04-01 14:46:00,2020-04-02 14:45:13,905760,PIEDMONT RD NE @ 3558,33.851152,-84.37937600000001
785,906333,-175,2018-04-01 11:00:00,2020-04-02 11:02:55,906333,JOHNSON FERRY RD@KAYRON DR,33.923119,-84.370666
786,905647,-293,2018-04-01 11:17:00,2020-04-02 11:21:53,905647,ROSWELL RD NE @ LAUREL FOREST CIR,33.862509,-84.380276
787,905412,32,2018-04-01 18:14:00,2020-04-02 18:13:28,905412,ROSWELL RD NE @ LAKEMOORE DR NE,33.865024,-84.380746
788,210802,40,2018-04-01 18:22:00,2020-04-02 18:21:20,210802,ROSWELL RD@OSNER DR,33.894978,-84.38126899999999
789,902665,34,2018-04-01 20:35:00,2020-04-02 20:34:26,902665,HAMMOND DR NE @ GLENRIDGE DR NE,33.918924,-84.36326700000001
790,902665,127,2018-04-02 01:12:00,2020-04-02 01:09:53,902665,HAMMOND DR NE @ GLENRIDGE DR NE,33.918924,-84.36326700000001
791,905523,37,2018-04-01 07:30:00,2020-04-02 07:29:23,905523,PIEDMONT RD NE @ 3565,33.85092,-84.378984
792,905523,37,2018-04-01 09:30:00,2020-04-02 09:29:23,905523,PIEDMONT RD NE @ 3565,33.85092,-84.378984
793,905523,-23,2018-04-01 11:29:00,2020-04-02 11:29:23,905523,PIEDMONT RD NE @ 3565,33.85092,-84.378984
794,905523,97,2018-04-01 13:31:00,2020-04-02 13:29:23,905523,PIEDMONT RD NE @ 3565,33.85092,-84.378984
795,905523,-23,2018-04-01 09:09:00,2020-04-02 09:09:23,905523,PIEDMONT RD NE @ 3565,33.85092,-84.378984
796,905172,73,2018-04-01 22:28:00,2020-04-02 22:26:47,905172,PIEDMONT RD NE @ 3525,33.849936,-84.37747
797,905172,433,2018-04-01 22:34:00,2020-04-02 22:26:47,905172,PIEDMONT RD NE @ 3525,33.849936,-84.37747
